id;companyId;storeName;storeCity;containerId;createdAt;customer;displayId;engineId;engineName;engineType;extraInfo;integrated;integrationId;isTest;orderTiming;orderType;salesChannel;scheduledAt;status;preparationTime;takeOutTimeInSeconds;totalAmount;rating;updatedAt;version
1;ZP930B;Boteco Paulista;Sao Paulo;vBUDxR;04/01/2025 00:00;143;Yg96BJ;643878;DirectOrder;POS;Eveniet aspernatur sit totam fugiat nobis.;True;9935;False;IMMEDIATE;TAKEOUT;99FOOD;;CONCLUDED;24;1504;59,92;3.2;04/01/2025 02:00;v2.0.0
2;CP53G6;Emporio Serra Verde;Curitiba;aSZtZW;05/01/2025 00:00;518;MN82AU;712344;DirectOrder;POS;Sint nisi quia eveniet animi.;True;4257;False;SCHEDULED;DELIVERY;APP;;CONCLUDED;31;1353;93,87;4.3;05/01/2025 02:00;v2.0.0
3;DQ44H7;Sabores do Norte;Manaus;vbBdPY;17/03/2025 00:00;778;nV03Wh;977836;DirectOrder;POS;Excepturi consequuntur laudantium nihil officia dolore dicta.;True;7924;False;SCHEDULED;INDOOR;WEB;;DISPATCHED;24;1106;56,76;3.1;17/03/2025 02:00;v2.0.0
4;QW77C2;Padaria Vila Nova;Campinas;WbZWhO;28/01/2025 00:00;95;eB44zy;600153;DirectOrder;POS;Distinctio totam magnam voluptate.;False;2584;False;SCHEDULED;INDOOR;WHATSAPP;;CONCLUDED;11;1087;32,35;3.3;28/01/2025 02:00;v2.0.0
5;FS26K9;Casa do Chef Recife;Recife;eLDDRg;03/02/2025 00:00;550;xT97ex;157616;DirectOrder;POS;Nihil rem cumque ex.;True;7201;False;IMMEDIATE;TAKEOUT;99FOOD;;CANCELED;27;917;68,69;4.0;03/02/2025 02:00;v2.0.0
6;AJ81E4;Cantina Horizonte;Belo Horizonte;ZFUiep;17/04/2025 00:00;371;Jv92wr;369793;DirectOrder;POS;Omnis vero neque assumenda pariatur.;True;2139;False;IMMEDIATE;TAKEOUT;EPADOCA;;DISPATCHED;26;915;56,87;3.5;17/04/2025 02:00;v2.0.0
7;MN55D3;Delivery do Centro;Rio de Janeiro;AMehLX;09/04/2025 00:00;239;NU60WP;165583;DirectOrder;POS;Pariatur impedit sunt esse velit nemo eveniet.;True;7227;False;SCHEDULED;INDOOR;EPADOCA;;CONCLUDED;23;1275;63,14;3.1;09/04/2025 02:00;v2.0.0
8;BV62F5;Restaurante Mar Azul;Salvador;DnEQAF;21/01/2025 00:00;274;FE10pi;559503;DirectOrder;POS;Dicta fugit hic hic neque.;True;3803;False;IMMEDIATE;DELIVERY;EPADOCA;;CONCLUDED;33;1570;80,27;3.9;21/01/2025 02:00;v2.0.0
9;DQ44H7;Sabores do Norte;Manaus;VrtSiZ;18/02/2025 00:00;705;ND31NH;286213;DirectOrder;POS;Iusto itaque hic optio earum aliquid quos sequi.;True;6313;False;IMMEDIATE;DELIVERY;WEB;;PENDING;31;955;61,85;2.9;18/02/2025 02:00;v2.0.0
10;LXK0A1;Cantina Liberdade;Sao Paulo;yRHRqv;14/04/2025 00:00;217;nd93Ye;491238;DirectOrder;POS;Sunt nostrum sint soluta ipsa.;False;4483;False;SCHEDULED;INDOOR;APP;;CONCLUDED;20;1239;43,58;2.9;14/04/2025 02:00;v2.0.0
11;DQ44H7;Sabores do Norte;Manaus;ATvXby;19/01/2025 00:00;575;dB31Ik;791041;DirectOrder;POS;At corrupti alias consectetur.;False;8019;False;SCHEDULED;INDOOR;WEB;;CONCLUDED;26;1139;70,24;3.0;19/01/2025 02:00;v2.0.0
12;MN55D3;Delivery do Centro;Rio de Janeiro;hcgjCg;18/01/2025 00:00;49;Zf93ig;380311;DirectOrder;POS;Assumenda aut praesentium omnis non deleniti eos.;True;3504;False;IMMEDIATE;TAKEOUT;99FOOD;;CONCLUDED;27;1411;51,37;2.9;18/01/2025 02:00;v2.0.0
13;CP53G6;Emporio Serra Verde;Curitiba;rlaUwy;18/03/2025 00:00;480;yP46gg;322842;DirectOrder;POS;Laboriosam laborum delectus maiores expedita.;False;1188;False;IMMEDIATE;TAKEOUT;APP;;CONCLUDED;25;1122;100,00;4.0;18/03/2025 02:00;v2.0.0
14;ER35J8;Pizza do Porto;Porto Alegre;BmfIVa;07/04/2025 00:00;115;Zc11JU;917394;DirectOrder;POS;Inventore quo ad.;False;8123;False;IMMEDIATE;INDOOR;APP;;CONCLUDED;42;1386;68,50;3.9;07/04/2025 02:00;v2.0.0
15;LXK0A1;Cantina Liberdade;Sao Paulo;bVeXWy;03/04/2025 00:00;513;yJ47EL;693076;DirectOrder;POS;Tenetur id nihil error cumque velit.;True;9317;False;IMMEDIATE;TAKEOUT;WHATSAPP;;CONCLUDED;29;1395;35,66;3.2;03/04/2025 02:00;v2.0.0
16;AJ81E4;Cantina Horizonte;Belo Horizonte;nFsfHz;18/04/2025 00:00;157;sX39QO;224970;DirectOrder;POS;Quasi nesciunt perferendis nostrum incidunt.;False;3646;False;IMMEDIATE;TAKEOUT;EPADOCA;;CONCLUDED;20;960;41,12;3.6;18/04/2025 02:00;v2.0.0
17;BV62F5;Restaurante Mar Azul;Salvador;xwZnqG;04/03/2025 00:00;900;aZ54vN;552421;DirectOrder;POS;Modi praesentium beatae optio.;False;4923;False;IMMEDIATE;DELIVERY;APP;;PENDING;37;1400;100,00;4.3;04/03/2025 02:00;v2.0.0
18;FS26K9;Casa do Chef Recife;Recife;NbvZjJ;11/01/2025 00:00;71;bR41MJ;517896;DirectOrder;POS;Optio itaque provident ipsum repudiandae amet.;True;3103;False;SCHEDULED;TAKEOUT;APP;;CONCLUDED;35;1507;89,47;3.7;11/01/2025 02:00;v2.0.0
19;QW77C2;Padaria Vila Nova;Campinas;OyAXQT;03/02/2025 00:00;988;SU20YJ;626340;DirectOrder;POS;Id excepturi corrupti totam unde possimus natus.;True;9835;False;IMMEDIATE;TAKEOUT;EPADOCA;;CONCLUDED;10;1364;30,80;4.2;03/02/2025 02:00;v2.0.0
20;AJ81E4;Cantina Horizonte;Belo Horizonte;ZTjSsl;21/02/2025 00:00;449;lq02ZZ;161830;DirectOrder;POS;Voluptas animi expedita blanditiis.;False;2982;False;IMMEDIATE;DELIVERY;WHATSAPP;;CONCLUDED;26;802;45,71;3.5;21/02/2025 02:00;v2.0.0
21;ZP930B;Boteco Paulista;Sao Paulo;pCXGsN;13/02/2025 00:00;603;zD38nr;119341;DirectOrder;POS;Explicabo provident ea accusantium nisi quam ipsam.;True;1117;False;IMMEDIATE;TAKEOUT;APP;;CONCLUDED;28;1096;52,83;3.3;13/02/2025 02:00;v2.0.0
22;LXK0A1;Cantina Liberdade;Sao Paulo;AYBjVP;30/01/2025 00:00;339;gn97dp;653409;DirectOrder;POS;Sed tenetur fugit cupiditate voluptates architecto.;True;9423;False;IMMEDIATE;INDOOR;APP;;CONCLUDED;33;1265;35,89;3.2;30/01/2025 02:00;v2.0.0
23;DQ44H7;Sabores do Norte;Manaus;VBVLEt;28/01/2025 00:00;904;XC27lI;426427;DirectOrder;POS;Consequuntur laborum rerum doloribus.;False;4981;False;SCHEDULED;INDOOR;99FOOD;;CANCELED;27;1393;56,09;3.1;28/01/2025 02:00;v2.0.0
24;MN55D3;Delivery do Centro;Rio de Janeiro;IEkdva;13/01/2025 00:00;434;bg90Bk;885724;DirectOrder;POS;Ipsum consectetur minus sunt perferendis.;False;8651;False;IMMEDIATE;TAKEOUT;APP;;CONCLUDED;27;907;61,15;3.0;13/01/2025 02:00;v2.0.0
25;ZP930B;Boteco Paulista;Sao Paulo;WUpdUP;08/01/2025 00:00;883;Yr04hF;179847;DirectOrder;POS;Iure magnam ducimus est molestiae repellat quisquam tempore.;True;5073;False;IMMEDIATE;DELIVERY;WEB;;CONCLUDED;22;1153;57,93;3.3;08/01/2025 02:00;v2.0.0
26;ER35J8;Pizza do Porto;Porto Alegre;rYCtlh;27/02/2025 00:00;474;OR08ys;269441;DirectOrder;POS;Eaque explicabo tempore laboriosam beatae beatae deleniti facere.;True;2235;False;SCHEDULED;TAKEOUT;APP;;CONCLUDED;32;1039;58,13;3.6;27/02/2025 02:00;v2.0.0
27;ZP930B;Boteco Paulista;Sao Paulo;zbOXKz;07/01/2025 00:00;16;ZB45MO;388846;DirectOrder;POS;Quae expedita voluptate quidem ea sit eius facilis.;True;4872;False;IMMEDIATE;INDOOR;EPADOCA;;CONCLUDED;30;1234;53,40;3.3;07/01/2025 02:00;v2.0.0
28;DQ44H7;Sabores do Norte;Manaus;PdJCCV;03/03/2025 00:00;61;Pw40Ge;533941;DirectOrder;POS;Eligendi nobis autem quas.;True;7209;False;IMMEDIATE;INDOOR;WEB;;CONCLUDED;16;1194;64,87;3.0;03/03/2025 02:00;v2.0.0
29;AJ81E4;Cantina Horizonte;Belo Horizonte;MjsUtZ;29/04/2025 00:00;434;Xt14ax;756287;DirectOrder;POS;Temporibus tempore officiis velit illo cum.;False;3536;False;IMMEDIATE;INDOOR;99FOOD;;CONCLUDED;24;1260;45,49;4.2;29/04/2025 02:00;v2.0.0
30;MN55D3;Delivery do Centro;Rio de Janeiro;KzLprs;08/01/2025 00:00;766;FL31CD;393259;DirectOrder;POS;Laudantium laboriosam exercitationem voluptatum ipsa distinctio repellat.;False;1936;False;IMMEDIATE;TAKEOUT;99FOOD;;CONCLUDED;36;1350;69,56;2.9;08/01/2025 02:00;v2.0.0
31;DQ44H7;Sabores do Norte;Manaus;KZkACF;06/03/2025 00:00;59;uQ52OF;695276;DirectOrder;POS;Repellat provident nesciunt numquam qui dignissimos.;True;4044;False;IMMEDIATE;TAKEOUT;WHATSAPP;;CONCLUDED;34;919;70,83;2.9;06/03/2025 02:00;v2.0.0
32;ZP930B;Boteco Paulista;Sao Paulo;hDojQs;28/03/2025 00:00;965;jQ46OU;291935;DirectOrder;POS;Beatae aliquid eligendi minus illum.;True;1651;False;IMMEDIATE;INDOOR;WHATSAPP;;CONCLUDED;17;1086;60,81;3.7;28/03/2025 02:00;v2.0.0
33;FS26K9;Casa do Chef Recife;Recife;sUgkdp;14/03/2025 00:00;210;oC66Cr;306634;DirectOrder;POS;Facilis sed hic.;False;4910;False;SCHEDULED;INDOOR;WEB;;PENDING;22;1213;85,51;3.8;14/03/2025 02:00;v2.0.0
34;QW77C2;Padaria Vila Nova;Campinas;qnTqBs;27/03/2025 00:00;952;st82et;851430;DirectOrder;POS;Sunt unde natus ratione nulla soluta ipsam.;True;1152;False;SCHEDULED;TAKEOUT;EPADOCA;;CONCLUDED;14;1509;30,00;3.9;27/03/2025 02:00;v2.0.0
35;FS26K9;Casa do Chef Recife;Recife;NxWTVD;13/01/2025 00:00;272;ML97ub;348943;DirectOrder;POS;Quas provident ullam delectus.;True;6718;False;IMMEDIATE;DELIVERY;APP;;CONCLUDED;38;953;72,16;3.8;13/01/2025 02:00;v2.0.0
36;BV62F5;Restaurante Mar Azul;Salvador;SPYzGc;06/02/2025 00:00;721;Lv93KU;247422;DirectOrder;POS;Optio illo occaecati.;False;9666;False;IMMEDIATE;TAKEOUT;WEB;;DISPATCHED;25;1236;93,68;4.3;06/02/2025 02:00;v2.0.0
37;ER35J8;Pizza do Porto;Porto Alegre;UWcIZk;08/02/2025 00:00;900;Lz96Ia;713998;DirectOrder;POS;Molestias voluptas nostrum error quis odio officiis.;True;5333;False;IMMEDIATE;DELIVERY;WHATSAPP;;CONCLUDED;26;935;81,65;3.9;08/02/2025 02:00;v2.0.0
38;ER35J8;Pizza do Porto;Porto Alegre;VJtdgY;20/01/2025 00:00;735;Qh90Ut;943455;DirectOrder;POS;Cumque deleniti eveniet molestiae culpa.;False;4335;False;SCHEDULED;TAKEOUT;APP;;CONCLUDED;36;1269;85,33;3.8;20/01/2025 02:00;v2.0.0
39;DQ44H7;Sabores do Norte;Manaus;NqqyDs;02/02/2025 00:00;95;EU06BN;337198;DirectOrder;POS;Odit saepe magni voluptatibus labore eligendi error.;False;5533;False;IMMEDIATE;DELIVERY;WHATSAPP;;DISPATCHED;28;1057;54,41;3.1;02/02/2025 02:00;v2.0.0
40;BV62F5;Restaurante Mar Azul;Salvador;wpTAQg;09/04/2025 00:00;166;Ml66VO;734169;DirectOrder;POS;Nihil dolore laudantium consequuntur quaerat modi commodi.;False;8007;False;IMMEDIATE;DELIVERY;APP;;PENDING;28;1331;100,00;4.1;09/04/2025 02:00;v2.0.0
41;ZP930B;Boteco Paulista;Sao Paulo;OENnkM;01/05/2025 00:00;559;Jg15PM;223164;DirectOrder;POS;Sapiente consequuntur voluptates odio beatae quam.;True;7049;False;IMMEDIATE;INDOOR;WHATSAPP;;PENDING;27;1035;45,35;3.4;01/05/2025 02:00;v2.0.0
42;QW77C2;Padaria Vila Nova;Campinas;LYbNGr;06/01/2025 00:00;816;lb25ja;481663;DirectOrder;POS;Impedit quisquam officia.;True;6862;False;IMMEDIATE;TAKEOUT;EPADOCA;;DISPATCHED;20;1579;36,38;3.9;06/01/2025 02:00;v2.0.0
43;MN55D3;Delivery do Centro;Rio de Janeiro;rhQrxX;27/03/2025 00:00;906;EK86rh;281885;DirectOrder;POS;Voluptates quae provident.;False;3532;False;IMMEDIATE;DELIVERY;APP;;DISPATCHED;24;1036;66,91;2.9;27/03/2025 02:00;v2.0.0
44;QW77C2;Padaria Vila Nova;Campinas;nkqeQc;23/04/2025 00:00;947;pG78gn;706060;DirectOrder;POS;Nam recusandae dicta odio atque.;False;7745;False;IMMEDIATE;INDOOR;EPADOCA;;CONCLUDED;18;1365;30,57;3.9;23/04/2025 02:00;v2.0.0
45;QW77C2;Padaria Vila Nova;Campinas;PstXgt;11/04/2025 00:00;40;yZ18wg;493989;DirectOrder;POS;Labore porro magni iusto.;False;4644;False;IMMEDIATE;INDOOR;EPADOCA;;CONCLUDED;17;1744;31,07;4.2;11/04/2025 02:00;v2.0.0
46;BV62F5;Restaurante Mar Azul;Salvador;FmGSyr;09/02/2025 00:00;229;md07NH;303420;DirectOrder;POS;Excepturi perferendis qui consectetur cumque.;True;4164;False;SCHEDULED;INDOOR;99FOOD;;DISPATCHED;29;1296;100,00;3.8;09/02/2025 02:00;v2.0.0
47;AJ81E4;Cantina Horizonte;Belo Horizonte;jsLaox;21/04/2025 00:00;360;av69RJ;029692;DirectOrder;POS;Assumenda modi cum modi deserunt repudiandae atque.;False;9785;False;SCHEDULED;DELIVERY;APP;;DISPATCHED;28;1185;43,19;3.8;21/04/2025 02:00;v2.0.0
48;ZP930B;Boteco Paulista;Sao Paulo;NuQlDi;23/04/2025 00:00;986;Hz02gY;189193;DirectOrder;POS;Velit eos ipsa unde explicabo.;False;1626;False;IMMEDIATE;TAKEOUT;WHATSAPP;;CONCLUDED;20;1371;46,62;2.9;23/04/2025 02:00;v2.0.0
49;CP53G6;Emporio Serra Verde;Curitiba;BjGlcK;14/02/2025 00:00;621;Xj29NK;857887;DirectOrder;POS;Ratione mollitia sit sit id id.;True;7311;False;IMMEDIATE;INDOOR;99FOOD;;CONCLUDED;24;1277;100,00;4.1;14/02/2025 02:00;v2.0.0
50;LXK0A1;Cantina Liberdade;Sao Paulo;nCoqLl;01/04/2025 00:00;826;Ch20vI;710808;DirectOrder;POS;Consectetur quo nihil amet culpa maxime quas odio.;True;6967;False;SCHEDULED;DELIVERY;WEB;;CONCLUDED;28;971;35,32;3.3;01/04/2025 02:00;v2.0.0
51;BV62F5;Restaurante Mar Azul;Salvador;hHKNLS;21/03/2025 00:00;738;QB80wN;964333;DirectOrder;POS;Neque consequuntur voluptatem quis.;False;9308;False;SCHEDULED;TAKEOUT;EPADOCA;;DISPATCHED;46;1410;95,80;4.1;21/03/2025 02:00;v2.0.0
52;CP53G6;Emporio Serra Verde;Curitiba;QhGSdz;11/02/2025 00:00;131;YA02to;130262;DirectOrder;POS;Non totam excepturi nulla.;True;7888;False;SCHEDULED;TAKEOUT;WEB;;CONCLUDED;26;1302;73,70;4.2;11/02/2025 02:00;v2.0.0
53;QW77C2;Padaria Vila Nova;Campinas;lAIbJN;20/03/2025 00:00;854;Mw79Gd;855793;DirectOrder;POS;Rerum alias corrupti ratione.;True;5978;False;SCHEDULED;DELIVERY;EPADOCA;;CONCLUDED;20;1427;33,87;4.5;20/03/2025 02:00;v2.0.0
54;CP53G6;Emporio Serra Verde;Curitiba;IPBqnS;11/04/2025 00:00;477;yi74Fe;677658;DirectOrder;POS;Qui inventore corporis debitis.;False;8244;False;IMMEDIATE;TAKEOUT;EPADOCA;;CANCELED;22;1351;100,00;4.5;11/04/2025 02:00;v2.0.0
55;DQ44H7;Sabores do Norte;Manaus;LQxtXI;12/04/2025 00:00;174;Ka60Rc;959266;DirectOrder;POS;Provident blanditiis consequuntur iste nam.;True;5649;False;SCHEDULED;DELIVERY;WHATSAPP;;DISPATCHED;24;1216;53,38;2.9;12/04/2025 02:00;v2.0.0
56;MN55D3;Delivery do Centro;Rio de Janeiro;FyPMFK;28/03/2025 00:00;151;Fm93ZB;843783;DirectOrder;POS;Ea commodi maiores quidem inventore.;True;1757;False;IMMEDIATE;INDOOR;EPADOCA;;DISPATCHED;34;877;99,16;2.9;28/03/2025 02:00;v2.0.0
57;FS26K9;Casa do Chef Recife;Recife;Ajyzwc;19/04/2025 00:00;908;sR06sH;294791;DirectOrder;POS;Qui eveniet voluptatibus deserunt natus officia eos.;True;7291;False;SCHEDULED;INDOOR;99FOOD;;CONCLUDED;33;984;76,86;4.2;19/04/2025 02:00;v2.0.0
58;MN55D3;Delivery do Centro;Rio de Janeiro;GTvOvO;19/01/2025 00:00;769;zF79xv;678043;DirectOrder;POS;Quidem ut dolorem reiciendis nulla eaque expedita.;True;7965;False;IMMEDIATE;DELIVERY;99FOOD;;CONCLUDED;25;1243;60,99;3.3;19/01/2025 02:00;v2.0.0
59;ER35J8;Pizza do Porto;Porto Alegre;mlZZym;01/03/2025 00:00;869;CM06cq;428294;DirectOrder;POS;Nobis deserunt quisquam modi.;True;8478;False;IMMEDIATE;INDOOR;APP;;CONCLUDED;50;1326;78,64;3.5;01/03/2025 02:00;v2.0.0
60;ER35J8;Pizza do Porto;Porto Alegre;mAfCOG;13/03/2025 00:00;913;PM73TU;570576;DirectOrder;POS;Incidunt pariatur aspernatur libero culpa non alias.;False;9270;False;SCHEDULED;TAKEOUT;EPADOCA;;PENDING;30;1370;49,57;3.7;13/03/2025 02:00;v2.0.0
61;DQ44H7;Sabores do Norte;Manaus;JVtSdu;25/04/2025 00:00;461;YO28ZA;845684;DirectOrder;POS;Iusto est consequatur recusandae architecto eum.;False;5050;False;SCHEDULED;TAKEOUT;WEB;;DISPATCHED;29;1373;53,16;3.0;25/04/2025 02:00;v2.0.0
62;DQ44H7;Sabores do Norte;Manaus;ttTvBD;22/03/2025 00:00;731;OD85ac;023894;DirectOrder;POS;Natus sapiente veniam delectus dignissimos nemo.;False;4841;False;SCHEDULED;INDOOR;WEB;;CONCLUDED;24;1069;48,60;2.9;22/03/2025 02:00;v2.0.0
63;BV62F5;Restaurante Mar Azul;Salvador;aERWhV;25/04/2025 00:00;237;bJ90oC;003130;DirectOrder;POS;Unde neque placeat eaque eos tempore sint provident.;False;3503;False;IMMEDIATE;DELIVERY;99FOOD;;CONCLUDED;28;1383;100,00;4.1;25/04/2025 02:00;v2.0.0
64;CP53G6;Emporio Serra Verde;Curitiba;dnyEDc;22/02/2025 00:00;64;mH41xG;251537;DirectOrder;POS;Sint aperiam labore quidem rerum vero ut.;True;7883;False;SCHEDULED;TAKEOUT;WEB;;CONCLUDED;16;1103;100,00;4.5;22/02/2025 02:00;v2.0.0
65;LXK0A1;Cantina Liberdade;Sao Paulo;CQCMax;20/04/2025 00:00;489;VM98gM;651010;DirectOrder;POS;Necessitatibus inventore maxime perspiciatis eius dolore.;True;6763;False;SCHEDULED;INDOOR;WHATSAPP;;CONCLUDED;30;1354;51,58;3.1;20/04/2025 02:00;v2.0.0
66;CP53G6;Emporio Serra Verde;Curitiba;HMwSDJ;10/03/2025 00:00;618;tn97VF;716401;DirectOrder;POS;Explicabo corporis nemo quae sequi magni sint aspernatur.;True;8999;False;IMMEDIATE;INDOOR;99FOOD;;CONCLUDED;10;995;81,65;4.4;10/03/2025 02:00;v2.0.0
67;CP53G6;Emporio Serra Verde;Curitiba;JxaOWR;04/03/2025 00:00;696;RU28pt;094091;DirectOrder;POS;Impedit accusamus quidem repellat assumenda hic magni.;False;3704;False;SCHEDULED;DELIVERY;APP;;CONCLUDED;31;913;93,54;4.1;04/03/2025 02:00;v2.0.0
68;FS26K9;Casa do Chef Recife;Recife;VpvkPC;10/03/2025 00:00;578;dP57fB;665444;DirectOrder;POS;Odit nemo error blanditiis totam.;True;2375;False;SCHEDULED;DELIVERY;APP;;CONCLUDED;42;912;77,35;3.9;10/03/2025 02:00;v2.0.0
69;DQ44H7;Sabores do Norte;Manaus;ovJaGh;24/01/2025 00:00;217;UU54xy;881081;DirectOrder;POS;Iste quisquam enim eius.;False;6355;False;SCHEDULED;INDOOR;APP;;CONCLUDED;21;1292;74,98;3.0;24/01/2025 02:00;v2.0.0
70;AJ81E4;Cantina Horizonte;Belo Horizonte;lGEzqj;07/04/2025 00:00;855;Gf33Ew;007014;DirectOrder;POS;Fuga dolor quo dolore eius.;True;8705;False;IMMEDIATE;TAKEOUT;WHATSAPP;;CONCLUDED;26;1122;46,61;3.4;07/04/2025 02:00;v2.0.0
71;ER35J8;Pizza do Porto;Porto Alegre;dExMAf;07/01/2025 00:00;666;MI41ci;465833;DirectOrder;POS;Nisi quod quidem atque sed.;True;1659;False;IMMEDIATE;DELIVERY;WHATSAPP;;CONCLUDED;46;952;79,59;3.9;07/01/2025 02:00;v2.0.0
72;MN55D3;Delivery do Centro;Rio de Janeiro;cPPXdX;18/04/2025 00:00;130;YV00kG;942252;DirectOrder;POS;Quo deleniti vel delectus accusamus.;False;2874;False;IMMEDIATE;INDOOR;APP;;CONCLUDED;29;1317;96,88;2.9;18/04/2025 02:00;v2.0.0
73;AJ81E4;Cantina Horizonte;Belo Horizonte;enFsGH;09/04/2025 00:00;987;BC14LZ;712347;DirectOrder;POS;Tenetur maxime veritatis dicta esse quidem.;True;3683;False;SCHEDULED;DELIVERY;APP;;CONCLUDED;24;1101;47,28;3.4;09/04/2025 02:00;v2.0.0
74;FS26K9;Casa do Chef Recife;Recife;LAPDmC;04/01/2025 00:00;930;BS99EW;670892;DirectOrder;POS;Ipsa architecto deleniti autem sed quis.;False;7498;False;IMMEDIATE;DELIVERY;WHATSAPP;;CONCLUDED;35;1061;75,09;4.1;04/01/2025 02:00;v2.0.0
75;FS26K9;Casa do Chef Recife;Recife;xyLYyb;30/03/2025 00:00;714;AY02ZL;079814;DirectOrder;POS;Itaque maiores repellendus nisi.;False;2983;False;IMMEDIATE;INDOOR;99FOOD;;CONCLUDED;38;1325;97,60;4.0;30/03/2025 02:00;v2.0.0
76;ER35J8;Pizza do Porto;Porto Alegre;qcQgVN;24/02/2025 00:00;664;fB58fe;706497;DirectOrder;POS;Autem odio quibusdam delectus.;False;1207;False;SCHEDULED;INDOOR;EPADOCA;;CONCLUDED;40;1322;66,36;3.6;24/02/2025 02:00;v2.0.0
77;ZP930B;Boteco Paulista;Sao Paulo;bknmzJ;25/02/2025 00:00;849;Qu63ko;901063;DirectOrder;POS;Omnis nesciunt praesentium velit error.;False;3506;False;SCHEDULED;DELIVERY;WHATSAPP;;CONCLUDED;27;1081;54,79;3.2;25/02/2025 02:00;v2.0.0
78;ER35J8;Pizza do Porto;Porto Alegre;TXzTZM;25/03/2025 00:00;552;zJ08ei;478079;DirectOrder;POS;Minus adipisci fuga non sit.;False;8616;False;SCHEDULED;TAKEOUT;APP;;DISPATCHED;33;1419;85,68;3.6;25/03/2025 02:00;v2.0.0
79;FS26K9;Casa do Chef Recife;Recife;EuLxFf;04/02/2025 00:00;958;Gp07EW;743191;DirectOrder;POS;Dignissimos veniam quae ratione.;True;5569;False;SCHEDULED;DELIVERY;WEB;;CONCLUDED;41;1204;96,48;4.1;04/02/2025 02:00;v2.0.0
80;DQ44H7;Sabores do Norte;Manaus;wvZImk;14/03/2025 00:00;30;ga46yE;489863;DirectOrder;POS;Unde beatae voluptatem illum voluptatum laudantium qui.;False;6325;False;IMMEDIATE;INDOOR;WHATSAPP;;CONCLUDED;28;1173;69,61;2.9;14/03/2025 02:00;v2.0.0
81;MN55D3;Delivery do Centro;Rio de Janeiro;VzsCob;15/02/2025 00:00;902;XJ77za;202651;DirectOrder;POS;Id reprehenderit quos.;False;1166;False;IMMEDIATE;DELIVERY;99FOOD;;CONCLUDED;25;1618;71,22;3.2;15/02/2025 02:00;v2.0.0
82;MN55D3;Delivery do Centro;Rio de Janeiro;ruLARU;03/04/2025 00:00;247;xp67iK;644909;DirectOrder;POS;Tempore architecto voluptatibus iste.;False;9041;False;SCHEDULED;DELIVERY;EPADOCA;;CONCLUDED;36;1358;57,32;2.9;03/04/2025 02:00;v2.0.0
83;ZP930B;Boteco Paulista;Sao Paulo;kTckuK;07/02/2025 00:00;314;Dm84Fg;130540;DirectOrder;POS;Labore aut labore magnam eius reprehenderit delectus quia.;False;8753;False;SCHEDULED;INDOOR;WEB;;CANCELED;21;1020;61,18;3.4;07/02/2025 02:00;v2.0.0
84;ER35J8;Pizza do Porto;Porto Alegre;fBJiiI;12/02/2025 00:00;314;tQ63dZ;224948;DirectOrder;POS;Dolores tenetur reiciendis enim.;False;4777;False;IMMEDIATE;TAKEOUT;APP;;CONCLUDED;41;1170;79,06;3.5;12/02/2025 02:00;v2.0.0
85;MN55D3;Delivery do Centro;Rio de Janeiro;EoDBoN;10/02/2025 00:00;781;eL97Ns;829097;DirectOrder;POS;Libero ullam quos quam.;True;4138;False;IMMEDIATE;TAKEOUT;APP;;CONCLUDED;32;1087;59,60;3.0;10/02/2025 02:00;v2.0.0
86;DQ44H7;Sabores do Norte;Manaus;YMKEGC;05/02/2025 00:00;538;hr62Mm;199711;DirectOrder;POS;Minima laboriosam qui dolore.;False;2647;False;IMMEDIATE;INDOOR;WHATSAPP;;PENDING;28;1098;52,82;3.1;05/02/2025 02:00;v2.0.0
87;MN55D3;Delivery do Centro;Rio de Janeiro;ENtjOG;16/02/2025 00:00;547;Ss43PU;876081;DirectOrder;POS;Alias assumenda omnis dolorum quam excepturi.;True;5494;False;IMMEDIATE;DELIVERY;WEB;;CONCLUDED;21;918;64,06;3.2;16/02/2025 02:00;v2.0.0
88;ER35J8;Pizza do Porto;Porto Alegre;lwMwcC;07/02/2025 00:00;890;lD74FB;323424;DirectOrder;POS;Nostrum a id dolores aut blanditiis ratione.;False;2680;False;IMMEDIATE;TAKEOUT;EPADOCA;;CONCLUDED;37;1495;67,91;3.6;07/02/2025 02:00;v2.0.0
89;AJ81E4;Cantina Horizonte;Belo Horizonte;gcBOOr;02/03/2025 00:00;989;xJ11Xk;975005;DirectOrder;POS;Voluptatibus sit quia ut sapiente.;True;5136;False;SCHEDULED;DELIVERY;WEB;;CONCLUDED;25;999;51,95;3.6;02/03/2025 02:00;v2.0.0
90;ZP930B;Boteco Paulista;Sao Paulo;MpSErM;21/02/2025 00:00;703;Jh30Bu;846006;DirectOrder;POS;Expedita autem totam.;True;3485;False;IMMEDIATE;TAKEOUT;WEB;;CONCLUDED;23;1034;54,82;3.1;21/02/2025 02:00;v2.0.0
91;AJ81E4;Cantina Horizonte;Belo Horizonte;GPxNBH;11/01/2025 00:00;783;yl65bz;989261;DirectOrder;POS;Sequi iure neque.;False;4697;False;SCHEDULED;INDOOR;WHATSAPP;;CONCLUDED;25;1280;49,21;4.0;11/01/2025 02:00;v2.0.0
92;DQ44H7;Sabores do Norte;Manaus;uENOIG;08/02/2025 00:00;313;IS91Vc;121985;DirectOrder;POS;Libero at quasi.;True;2625;False;IMMEDIATE;TAKEOUT;WHATSAPP;;PENDING;28;1202;69,70;2.9;08/02/2025 02:00;v2.0.0
93;MN55D3;Delivery do Centro;Rio de Janeiro;dyChOB;03/02/2025 00:00;178;uO65Ao;839403;DirectOrder;POS;Ea molestias inventore sit in ullam porro nemo.;True;3564;False;IMMEDIATE;INDOOR;99FOOD;;CONCLUDED;30;1299;71,23;2.9;03/02/2025 02:00;v2.0.0
94;DQ44H7;Sabores do Norte;Manaus;pSuTLB;30/03/2025 00:00;238;bC46at;273245;DirectOrder;POS;Officiis laborum modi facilis facilis fugit.;False;5632;False;SCHEDULED;DELIVERY;WHATSAPP;;CONCLUDED;38;1046;78,19;3.2;30/03/2025 02:00;v2.0.0
95;MN55D3;Delivery do Centro;Rio de Janeiro;oKPWwk;29/04/2025 00:00;604;TA07XU;343442;DirectOrder;POS;Nemo magnam molestias dolorem commodi ducimus voluptate.;True;7965;False;IMMEDIATE;TAKEOUT;WEB;;DISPATCHED;43;1038;80,99;3.1;29/04/2025 02:00;v2.0.0
96;MN55D3;Delivery do Centro;Rio de Janeiro;CCrAeC;24/03/2025 00:00;146;Qn91eP;378176;DirectOrder;POS;Repudiandae aut reprehenderit labore eveniet cumque.;True;1977;False;IMMEDIATE;INDOOR;WEB;;CONCLUDED;17;1094;59,42;3.0;24/03/2025 02:00;v2.0.0
97;FS26K9;Casa do Chef Recife;Recife;wXMFBa;06/04/2025 00:00;450;Ar52OY;795374;DirectOrder;POS;Ipsum blanditiis debitis expedita.;True;8679;False;SCHEDULED;TAKEOUT;99FOOD;;PENDING;35;1575;72,52;3.9;06/04/2025 02:00;v2.0.0
98;CP53G6;Emporio Serra Verde;Curitiba;dVIexO;01/05/2025 00:00;449;ia39CX;000271;DirectOrder;POS;Provident nam beatae molestiae dolore nesciunt earum.;True;1653;False;SCHEDULED;TAKEOUT;WEB;;CONCLUDED;19;1298;100,00;4.3;01/05/2025 02:00;v2.0.0
99;BV62F5;Restaurante Mar Azul;Salvador;TasGJq;19/03/2025 00:00;985;ah72kr;318923;DirectOrder;POS;Illum expedita sequi fugit similique atque laborum harum.;True;5415;False;IMMEDIATE;DELIVERY;WEB;;CONCLUDED;46;1106;68,61;4.5;19/03/2025 02:00;v2.0.0
100;DQ44H7;Sabores do Norte;Manaus;xcWPQp;08/03/2025 00:00;186;mJ71gn;678084;DirectOrder;POS;Doloremque nemo modi asperiores reprehenderit.;False;9056;False;IMMEDIATE;INDOOR;WHATSAPP;;PENDING;26;1447;42,88;3.3;08/03/2025 02:00;v2.0.0
101;BV62F5;Restaurante Mar Azul;Salvador;HlAWTQ;22/02/2025 00:00;879;VP81Xl;460744;DirectOrder;POS;Nostrum quis provident tempore quasi voluptatem.;True;6403;False;SCHEDULED;TAKEOUT;EPADOCA;;CANCELED;38;1209;64,17;3.9;22/02/2025 02:00;v2.0.0
102;DQ44H7;Sabores do Norte;Manaus;fGknof;06/02/2025 00:00;779;me41Rp;951020;DirectOrder;POS;Magni fuga esse animi.;True;8451;False;IMMEDIATE;INDOOR;WHATSAPP;;CONCLUDED;21;1171;56,98;3.2;06/02/2025 02:00;v2.0.0
103;AJ81E4;Cantina Horizonte;Belo Horizonte;KyqOKc;11/02/2025 00:00;886;Eb22Mc;574444;DirectOrder;POS;Debitis incidunt voluptatibus architecto.;True;9889;False;SCHEDULED;INDOOR;APP;;DISPATCHED;29;975;45,97;3.7;11/02/2025 02:00;v2.0.0
104;LXK0A1;Cantina Liberdade;Sao Paulo;qygpDY;25/01/2025 00:00;511;xp96OY;254180;DirectOrder;POS;Quaerat hic quam velit.;False;1845;False;IMMEDIATE;INDOOR;WEB;;CONCLUDED;29;1050;30,40;3.6;25/01/2025 02:00;v2.0.0
105;ER35J8;Pizza do Porto;Porto Alegre;fTIFBl;17/01/2025 00:00;716;Oo20RH;943851;DirectOrder;POS;Quibusdam error sit iusto eum repellendus aut.;False;2989;False;IMMEDIATE;TAKEOUT;WHATSAPP;;CONCLUDED;43;1213;99,78;3.7;17/01/2025 02:00;v2.0.0
106;FS26K9;Casa do Chef Recife;Recife;BLUhek;13/04/2025 00:00;565;zR42gW;950790;DirectOrder;POS;Perspiciatis corrupti optio.;True;7684;False;IMMEDIATE;DELIVERY;WEB;;CONCLUDED;31;1394;100,00;4.3;13/04/2025 02:00;v2.0.0
107;ZP930B;Boteco Paulista;Sao Paulo;qpEUDo;01/03/2025 00:00;158;dk20DI;658763;DirectOrder;POS;Voluptatem non illum error iure facere.;False;5781;False;SCHEDULED;INDOOR;WHATSAPP;;CONCLUDED;17;1337;61,39;3.5;01/03/2025 02:00;v2.0.0
108;DQ44H7;Sabores do Norte;Manaus;KEmOri;02/03/2025 00:00;393;lC20Eq;894989;DirectOrder;POS;Et voluptatum laborum veniam accusantium recusandae.;True;9327;False;IMMEDIATE;DELIVERY;WEB;;CONCLUDED;20;792;73,81;2.9;02/03/2025 02:00;v2.0.0
109;AJ81E4;Cantina Horizonte;Belo Horizonte;jGjTnj;09/04/2025 00:00;957;Ip83rn;941347;DirectOrder;POS;Voluptatibus dolorem dignissimos aut.;False;1042;False;SCHEDULED;TAKEOUT;99FOOD;;CONCLUDED;33;1214;42,82;3.8;09/04/2025 02:00;v2.0.0
110;AJ81E4;Cantina Horizonte;Belo Horizonte;EMmHyd;18/04/2025 00:00;502;jK87Ur;878293;DirectOrder;POS;Natus corrupti omnis ipsam.;True;8316;False;SCHEDULED;INDOOR;EPADOCA;;PENDING;17;1188;58,19;3.3;18/04/2025 02:00;v2.0.0
111;BV62F5;Restaurante Mar Azul;Salvador;iHCVHE;12/03/2025 00:00;956;GD59ml;694363;DirectOrder;POS;Porro reprehenderit nesciunt tempora fugit.;False;4090;False;IMMEDIATE;TAKEOUT;99FOOD;;CONCLUDED;22;1182;96,22;4.0;12/03/2025 02:00;v2.0.0
112;CP53G6;Emporio Serra Verde;Curitiba;qmmhog;30/01/2025 00:00;326;zu95iy;863507;DirectOrder;POS;Tenetur vel ab.;False;7246;False;SCHEDULED;TAKEOUT;99FOOD;;CONCLUDED;25;1012;74,99;4.5;30/01/2025 02:00;v2.0.0
113;QW77C2;Padaria Vila Nova;Campinas;lANmCA;05/03/2025 00:00;989;rk93Jt;945151;DirectOrder;POS;Doloribus quod consequatur.;False;2644;False;SCHEDULED;DELIVERY;WHATSAPP;;CONCLUDED;17;1391;30,00;3.5;05/03/2025 02:00;v2.0.0
114;ER35J8;Pizza do Porto;Porto Alegre;cQwJsg;27/04/2025 00:00;420;Pl41Mx;059629;DirectOrder;POS;Quo incidunt numquam alias atque tempora.;True;2225;False;SCHEDULED;INDOOR;WEB;;CANCELED;31;1041;64,16;3.8;27/04/2025 02:00;v2.0.0
115;BV62F5;Restaurante Mar Azul;Salvador;kgcnMd;21/03/2025 00:00;873;vp89Yc;747193;DirectOrder;POS;In porro provident maiores veniam alias.;False;9742;False;SCHEDULED;INDOOR;99FOOD;;CONCLUDED;33;960;88,27;3.7;21/03/2025 02:00;v2.0.0
116;DQ44H7;Sabores do Norte;Manaus;HILmuC;22/04/2025 00:00;241;AC49eB;605214;DirectOrder;POS;Officiis quam vitae ullam vero consectetur tempora recusandae.;False;4727;False;IMMEDIATE;INDOOR;99FOOD;;CONCLUDED;23;1242;83,93;3.0;22/04/2025 02:00;v2.0.0
117;ZP930B;Boteco Paulista;Sao Paulo;gbYFkj;08/04/2025 00:00;455;Yk94Fr;953829;DirectOrder;POS;Illum inventore enim mollitia.;True;5906;False;IMMEDIATE;DELIVERY;EPADOCA;;DISPATCHED;24;1351;53,89;3.1;08/04/2025 02:00;v2.0.0
118;BV62F5;Restaurante Mar Azul;Salvador;DqsDKZ;12/04/2025 00:00;442;MV57nV;916901;DirectOrder;POS;Laudantium animi perferendis facere minima.;True;5000;False;SCHEDULED;TAKEOUT;APP;;CONCLUDED;35;739;81,41;3.9;12/04/2025 02:00;v2.0.0
119;QW77C2;Padaria Vila Nova;Campinas;AwizuQ;22/01/2025 00:00;392;Zf66ap;312200;DirectOrder;POS;Laborum nisi nulla eius magnam sapiente deleniti culpa.;True;9153;False;IMMEDIATE;DELIVERY;WEB;;CONCLUDED;23;1150;30,00;4.1;22/01/2025 02:00;v2.0.0
120;DQ44H7;Sabores do Norte;Manaus;oqtZZR;23/03/2025 00:00;10;dD32nO;832309;DirectOrder;POS;Ipsum nihil quam earum nihil quisquam vel harum.;False;5712;False;IMMEDIATE;DELIVERY;WEB;;CONCLUDED;43;1423;68,43;3.1;23/03/2025 02:00;v2.0.0
121;DQ44H7;Sabores do Norte;Manaus;XFpJiw;01/05/2025 00:00;655;bn33Ue;137804;DirectOrder;POS;Nihil cum neque aliquid fugit.;False;5097;False;SCHEDULED;INDOOR;EPADOCA;;CONCLUDED;18;1240;60,57;2.9;01/05/2025 02:00;v2.0.0
122;MN55D3;Delivery do Centro;Rio de Janeiro;hNyOzf;19/02/2025 00:00;391;Hm88pb;330412;DirectOrder;POS;Inventore nihil cum.;False;5847;False;SCHEDULED;DELIVERY;99FOOD;;CONCLUDED;26;983;60,47;2.9;19/02/2025 02:00;v2.0.0
123;CP53G6;Emporio Serra Verde;Curitiba;NqgXWd;05/02/2025 00:00;797;SB74DU;945499;DirectOrder;POS;Porro consectetur modi veritatis debitis corrupti.;True;9138;False;SCHEDULED;DELIVERY;APP;;DISPATCHED;23;1495;100,00;4.5;05/02/2025 02:00;v2.0.0
124;FS26K9;Casa do Chef Recife;Recife;blezvu;13/04/2025 00:00;636;qb05wS;409793;DirectOrder;POS;Ducimus rerum totam velit.;False;3240;False;IMMEDIATE;TAKEOUT;WEB;;CONCLUDED;43;1307;85,17;3.7;13/04/2025 02:00;v2.0.0
125;LXK0A1;Cantina Liberdade;Sao Paulo;mxcpZg;09/02/2025 00:00;374;MY87vm;269239;DirectOrder;POS;Repellat dolorem atque dicta magni sapiente eos.;True;2476;False;SCHEDULED;INDOOR;99FOOD;;CONCLUDED;23;923;34,16;3.3;09/02/2025 02:00;v2.0.0
126;CP53G6;Emporio Serra Verde;Curitiba;BjaPWz;23/01/2025 00:00;898;gF30lw;198893;DirectOrder;POS;Ratione veniam enim adipisci ea.;False;9697;False;SCHEDULED;DELIVERY;WEB;;DISPATCHED;17;1312;100,00;4.5;23/01/2025 02:00;v2.0.0
127;AJ81E4;Cantina Horizonte;Belo Horizonte;exPyCt;27/04/2025 00:00;826;iC40Ro;498968;DirectOrder;POS;Deleniti excepturi eum necessitatibus inventore saepe non harum.;False;6549;False;IMMEDIATE;INDOOR;99FOOD;;CONCLUDED;22;1027;39,73;3.5;27/04/2025 02:00;v2.0.0
128;ZP930B;Boteco Paulista;Sao Paulo;ryXWLl;19/01/2025 00:00;693;fz13ll;241351;DirectOrder;POS;Minus consequuntur molestias aspernatur omnis.;False;6992;False;IMMEDIATE;INDOOR;99FOOD;;CONCLUDED;23;1189;55,48;3.0;19/01/2025 02:00;v2.0.0
129;LXK0A1;Cantina Liberdade;Sao Paulo;lpGHKz;03/02/2025 00:00;689;hU11JC;484175;DirectOrder;POS;Similique harum saepe expedita unde nemo.;False;7242;False;SCHEDULED;DELIVERY;WEB;;CONCLUDED;24;1351;40,19;3.1;03/02/2025 02:00;v2.0.0
130;MN55D3;Delivery do Centro;Rio de Janeiro;WzvfGa;02/03/2025 00:00;575;DA43rt;061191;DirectOrder;POS;Tempore voluptatum voluptatibus necessitatibus modi autem magni.;False;4626;False;IMMEDIATE;TAKEOUT;APP;;DISPATCHED;30;1350;76,31;2.9;02/03/2025 02:00;v2.0.0
131;DQ44H7;Sabores do Norte;Manaus;GwfGHR;27/04/2025 00:00;120;Mj58lR;389540;DirectOrder;POS;Provident quaerat labore mollitia reiciendis.;True;1742;False;IMMEDIATE;INDOOR;WHATSAPP;;CONCLUDED;23;1314;43,37;3.1;27/04/2025 02:00;v2.0.0
132;DQ44H7;Sabores do Norte;Manaus;fWNzwl;15/01/2025 00:00;139;oU78kp;321521;DirectOrder;POS;Nulla ipsam nihil ad.;False;8432;False;SCHEDULED;TAKEOUT;APP;;DISPATCHED;18;1209;53,48;2.9;15/01/2025 02:00;v2.0.0
133;ER35J8;Pizza do Porto;Porto Alegre;HZqxYj;23/02/2025 00:00;907;cO20cV;734376;DirectOrder;POS;Reiciendis cumque aliquam illum vero.;False;2622;False;SCHEDULED;TAKEOUT;EPADOCA;;CANCELED;39;867;81,65;3.5;23/02/2025 02:00;v2.0.0
134;CP53G6;Emporio Serra Verde;Curitiba;rNmVGo;01/05/2025 00:00;380;XN57cY;761428;DirectOrder;POS;Consequuntur consequuntur ut maiores ab.;True;8264;False;SCHEDULED;DELIVERY;WHATSAPP;;CONCLUDED;20;1209;96,83;4.1;01/05/2025 02:00;v2.0.0
135;BV62F5;Restaurante Mar Azul;Salvador;abZfNy;13/01/2025 00:00;924;Ae56rq;168326;DirectOrder;POS;Minima totam et nihil.;False;1992;False;SCHEDULED;INDOOR;WHATSAPP;;CONCLUDED;45;1084;76,06;3.9;13/01/2025 02:00;v2.0.0
136;MN55D3;Delivery do Centro;Rio de Janeiro;KaQhYl;16/01/2025 00:00;94;do49XT;864634;DirectOrder;POS;Aspernatur deleniti porro eos.;True;1349;False;IMMEDIATE;INDOOR;WHATSAPP;;DISPATCHED;33;1488;80,53;2.9;16/01/2025 02:00;v2.0.0
137;MN55D3;Delivery do Centro;Rio de Janeiro;LuGwvP;17/01/2025 00:00;850;Bt42CP;206164;DirectOrder;POS;Et natus consequuntur earum quam.;True;4538;False;IMMEDIATE;INDOOR;99FOOD;;CONCLUDED;33;1159;38,86;2.9;17/01/2025 02:00;v2.0.0
138;QW77C2;Padaria Vila Nova;Campinas;ZdipqS;11/04/2025 00:00;880;Ll28rJ;044716;DirectOrder;POS;Sint cum maiores accusantium fuga aut.;True;3129;False;SCHEDULED;DELIVERY;WHATSAPP;;CONCLUDED;18;1168;33,07;3.6;11/04/2025 02:00;v2.0.0
139;ZP930B;Boteco Paulista;Sao Paulo;azhtQE;26/03/2025 00:00;367;DC34JM;427479;DirectOrder;POS;Nobis et temporibus ipsum inventore.;True;6304;False;IMMEDIATE;DELIVERY;WHATSAPP;;CONCLUDED;23;1117;66,56;3.3;26/03/2025 02:00;v2.0.0
140;AJ81E4;Cantina Horizonte;Belo Horizonte;dnmkPX;07/01/2025 00:00;117;OC60bS;130767;DirectOrder;POS;Inventore ex neque inventore saepe pariatur harum.;True;8802;False;SCHEDULED;INDOOR;APP;;CONCLUDED;28;1115;41,05;3.5;07/01/2025 02:00;v2.0.0
141;ER35J8;Pizza do Porto;Porto Alegre;nxQWrf;17/03/2025 00:00;969;Dy33NS;753444;DirectOrder;POS;Quaerat consequuntur numquam.;True;9543;False;SCHEDULED;INDOOR;APP;;CONCLUDED;41;1134;82,07;4.2;17/03/2025 02:00;v2.0.0
142;LXK0A1;Cantina Liberdade;Sao Paulo;XPdMnw;08/01/2025 00:00;437;bo10Tg;010966;DirectOrder;POS;Cum consectetur optio atque perferendis commodi.;True;9032;False;SCHEDULED;DELIVERY;WHATSAPP;;DISPATCHED;16;998;51,08;3.2;08/01/2025 02:00;v2.0.0
143;ZP930B;Boteco Paulista;Sao Paulo;cIYGHe;11/02/2025 00:00;282;IY67RH;650542;DirectOrder;POS;Facilis odit amet iste.;False;7240;False;SCHEDULED;INDOOR;EPADOCA;;CONCLUDED;22;1535;36,48;3.1;11/02/2025 02:00;v2.0.0
144;ER35J8;Pizza do Porto;Porto Alegre;yItnAm;19/03/2025 00:00;118;QW01tH;270883;DirectOrder;POS;Molestiae occaecati magni ad saepe cum cupiditate.;True;8046;False;SCHEDULED;DELIVERY;WEB;;DISPATCHED;40;757;82,59;3.6;19/03/2025 02:00;v2.0.0
145;CP53G6;Emporio Serra Verde;Curitiba;gYuLdt;13/02/2025 00:00;748;Rf55qH;228209;DirectOrder;POS;Unde unde saepe delectus dolore.;True;6120;False;SCHEDULED;INDOOR;99FOOD;;CONCLUDED;16;1428;100,00;4.5;13/02/2025 02:00;v2.0.0
146;AJ81E4;Cantina Horizonte;Belo Horizonte;TYjevq;17/02/2025 00:00;486;fn40OI;845047;DirectOrder;POS;Iure optio atque voluptas.;True;2494;False;IMMEDIATE;DELIVERY;WHATSAPP;;CANCELED;29;1654;47,74;3.5;17/02/2025 02:00;v2.0.0
147;CP53G6;Emporio Serra Verde;Curitiba;yEPVTX;13/01/2025 00:00;134;hf86tC;151435;DirectOrder;POS;Optio sequi aut delectus aliquid adipisci officia molestiae.;True;6400;False;IMMEDIATE;INDOOR;99FOOD;;CONCLUDED;21;1030;100,00;4.5;13/01/2025 02:00;v2.0.0
148;BV62F5;Restaurante Mar Azul;Salvador;eZBbCI;22/04/2025 00:00;889;ID67YM;359472;DirectOrder;POS;Aspernatur ratione ea ipsa atque.;True;5712;False;SCHEDULED;INDOOR;99FOOD;;DISPATCHED;38;1104;100,00;3.8;22/04/2025 02:00;v2.0.0
149;ZP930B;Boteco Paulista;Sao Paulo;rtSexe;15/03/2025 00:00;494;qX57uj;810988;DirectOrder;POS;Tempora dolorum magnam officiis voluptatem.;True;2773;False;SCHEDULED;TAKEOUT;WEB;;CONCLUDED;26;1097;59,74;3.3;15/03/2025 02:00;v2.0.0
150;BV62F5;Restaurante Mar Azul;Salvador;ftIkah;15/01/2025 00:00;827;gy25DJ;348382;DirectOrder;POS;Occaecati a tempore ex quisquam.;False;1430;False;SCHEDULED;DELIVERY;99FOOD;;CONCLUDED;34;1275;85,63;3.8;15/01/2025 02:00;v2.0.0
151;QW77C2;Padaria Vila Nova;Campinas;yZSAVg;04/02/2025 00:00;348;wO43wm;994225;DirectOrder;POS;Quam beatae placeat veritatis est.;False;1100;False;IMMEDIATE;DELIVERY;EPADOCA;;CONCLUDED;21;1471;35,22;3.6;04/02/2025 02:00;v2.0.0
152;FS26K9;Casa do Chef Recife;Recife;TQCjoR;26/03/2025 00:00;649;rs50UA;197147;DirectOrder;POS;Aspernatur tempora illum sint repudiandae eligendi.;True;2503;False;IMMEDIATE;INDOOR;WEB;;CONCLUDED;27;951;90,25;4.4;26/03/2025 02:00;v2.0.0
153;CP53G6;Emporio Serra Verde;Curitiba;wXCGvp;28/02/2025 00:00;739;Qi52JU;511132;DirectOrder;POS;Nam quia quae nesciunt dolore earum.;False;2391;False;IMMEDIATE;DELIVERY;WEB;;CONCLUDED;27;1188;66,62;4.5;28/02/2025 02:00;v2.0.0
154;QW77C2;Padaria Vila Nova;Campinas;JNciqU;07/04/2025 00:00;279;rj67Ip;759348;DirectOrder;POS;Ut corrupti veritatis quam magnam.;False;7947;False;SCHEDULED;TAKEOUT;EPADOCA;;CANCELED;26;1225;32,56;3.5;07/04/2025 02:00;v2.0.0
155;DQ44H7;Sabores do Norte;Manaus;QHXRPJ;23/02/2025 00:00;117;iY58ng;523264;DirectOrder;POS;Totam tempora ducimus ipsa ut iure perspiciatis.;False;8043;False;IMMEDIATE;INDOOR;WEB;;DISPATCHED;29;1244;63,22;3.2;23/02/2025 02:00;v2.0.0
156;FS26K9;Casa do Chef Recife;Recife;SmDsEX;04/03/2025 00:00;226;BL77Qp;617085;DirectOrder;POS;Illo aut consequuntur harum error exercitationem.;False;1897;False;IMMEDIATE;DELIVERY;WEB;;CONCLUDED;45;1469;72,05;4.0;04/03/2025 02:00;v2.0.0
157;AJ81E4;Cantina Horizonte;Belo Horizonte;tehtxh;28/01/2025 00:00;297;hu71Ei;006994;DirectOrder;POS;Rem corporis eveniet laboriosam fuga dolorem tempora.;False;2965;False;IMMEDIATE;INDOOR;99FOOD;;DISPATCHED;20;1174;57,90;3.5;28/01/2025 02:00;v2.0.0
158;CP53G6;Emporio Serra Verde;Curitiba;HemSJz;23/01/2025 00:00;236;TU61wg;746489;DirectOrder;POS;Aliquam commodi rem.;False;2180;False;SCHEDULED;TAKEOUT;APP;;CONCLUDED;15;1505;98,98;4.5;23/01/2025 02:00;v2.0.0
159;LXK0A1;Cantina Liberdade;Sao Paulo;ThLngF;25/02/2025 00:00;883;WX67rt;305229;DirectOrder;POS;Minima exercitationem assumenda laboriosam tenetur asperiores reiciendis.;False;8033;False;SCHEDULED;TAKEOUT;APP;;PENDING;22;869;40,81;3.2;25/02/2025 02:00;v2.0.0
160;CP53G6;Emporio Serra Verde;Curitiba;iDuCiy;07/02/2025 00:00;333;HB55zF;658113;DirectOrder;POS;Illum in sint nulla.;True;8538;False;SCHEDULED;DELIVERY;APP;;CONCLUDED;17;940;100,00;4.4;07/02/2025 02:00;v2.0.0
161;CP53G6;Emporio Serra Verde;Curitiba;OgoaBN;19/04/2025 00:00;411;Ez64vZ;938054;DirectOrder;POS;Doloribus vitae maxime repellendus nesciunt.;True;7484;False;SCHEDULED;TAKEOUT;APP;;CONCLUDED;22;899;92,08;4.5;19/04/2025 02:00;v2.0.0
162;BV62F5;Restaurante Mar Azul;Salvador;KjPaAs;29/01/2025 00:00;523;Vq56jH;365049;DirectOrder;POS;Maxime minus facilis.;True;9693;False;IMMEDIATE;INDOOR;EPADOCA;;CONCLUDED;17;1189;86,02;3.9;29/01/2025 02:00;v2.0.0
163;BV62F5;Restaurante Mar Azul;Salvador;pisrwH;04/04/2025 00:00;152;iC66ik;189916;DirectOrder;POS;Placeat nam illo aperiam odit voluptatibus.;True;2684;False;IMMEDIATE;INDOOR;WHATSAPP;;CONCLUDED;52;1425;86,26;4.2;04/04/2025 02:00;v2.0.0
164;MN55D3;Delivery do Centro;Rio de Janeiro;PdcwiJ;23/01/2025 00:00;672;Ju73Ig;833055;DirectOrder;POS;Qui eveniet molestias dignissimos similique.;True;3902;False;SCHEDULED;INDOOR;99FOOD;;DISPATCHED;45;1211;66,61;2.9;23/01/2025 02:00;v2.0.0
165;FS26K9;Casa do Chef Recife;Recife;yuwkOq;08/04/2025 00:00;904;ZH92YA;160971;DirectOrder;POS;Debitis voluptates fuga laudantium veniam expedita rem.;False;6179;False;IMMEDIATE;INDOOR;EPADOCA;;CANCELED;34;1171;84,21;3.9;08/04/2025 02:00;v2.0.0
166;ZP930B;Boteco Paulista;Sao Paulo;rqtnpL;02/03/2025 00:00;282;Es66Ad;258429;DirectOrder;POS;Animi iste eveniet dolore debitis molestias vero.;True;6766;False;IMMEDIATE;INDOOR;WEB;;CONCLUDED;21;1091;49,32;3.1;02/03/2025 02:00;v2.0.0
167;DQ44H7;Sabores do Norte;Manaus;duExVy;27/02/2025 00:00;294;GE43mk;352553;DirectOrder;POS;Laborum sit sint rem.;True;2479;False;SCHEDULED;INDOOR;APP;;CONCLUDED;25;1500;54,04;3.0;27/02/2025 02:00;v2.0.0
168;FS26K9;Casa do Chef Recife;Recife;CtSWWk;12/03/2025 00:00;43;PC55Ne;934169;DirectOrder;POS;Cumque nesciunt iste sapiente doloribus assumenda quisquam.;False;4084;False;SCHEDULED;TAKEOUT;WHATSAPP;;CANCELED;41;785;43,92;4.2;12/03/2025 02:00;v2.0.0
169;DQ44H7;Sabores do Norte;Manaus;nMafOU;06/03/2025 00:00;106;sq23TA;230009;DirectOrder;POS;Quibusdam cupiditate quis ullam voluptatem eum deleniti.;False;2381;False;IMMEDIATE;DELIVERY;WEB;;CONCLUDED;19;1044;58,18;2.9;06/03/2025 02:00;v2.0.0
170;MN55D3;Delivery do Centro;Rio de Janeiro;JJdUsr;01/04/2025 00:00;536;Wj40uP;843797;DirectOrder;POS;Reprehenderit deleniti temporibus soluta omnis.;True;6962;False;SCHEDULED;INDOOR;99FOOD;;CONCLUDED;35;1454;56,01;3.5;01/04/2025 02:00;v2.0.0
171;CP53G6;Emporio Serra Verde;Curitiba;QBQpdk;22/02/2025 00:00;54;JM95si;388245;DirectOrder;POS;Architecto voluptates illo sapiente.;False;2079;False;SCHEDULED;DELIVERY;99FOOD;;CANCELED;21;1297;100,00;4.1;22/02/2025 02:00;v2.0.0
172;ER35J8;Pizza do Porto;Porto Alegre;tcrrve;28/03/2025 00:00;873;Ww45Mi;635437;DirectOrder;POS;Eum qui aperiam sequi.;True;6461;False;IMMEDIATE;TAKEOUT;APP;;CONCLUDED;33;1125;60,84;3.9;28/03/2025 02:00;v2.0.0
173;QW77C2;Padaria Vila Nova;Campinas;IFjVwD;28/04/2025 00:00;716;FY13uv;131392;DirectOrder;POS;Velit voluptates odit eligendi.;False;3112;False;IMMEDIATE;INDOOR;EPADOCA;;PENDING;16;1431;34,97;3.9;28/04/2025 02:00;v2.0.0
174;ER35J8;Pizza do Porto;Porto Alegre;JsjDJp;18/02/2025 00:00;131;Uv02yx;547918;DirectOrder;POS;Voluptate explicabo optio eligendi vitae explicabo enim totam.;True;7937;False;SCHEDULED;DELIVERY;EPADOCA;;CONCLUDED;39;1138;62,82;3.9;18/02/2025 02:00;v2.0.0
175;BV62F5;Restaurante Mar Azul;Salvador;KzlnTB;09/02/2025 00:00;971;tQ21oG;068927;DirectOrder;POS;Veritatis provident expedita iure beatae eos.;False;4145;False;IMMEDIATE;DELIVERY;WEB;;CONCLUDED;45;1163;95,28;3.7;09/02/2025 02:00;v2.0.0
176;QW77C2;Padaria Vila Nova;Campinas;ipJOCN;10/01/2025 00:00;520;Up12TK;639272;DirectOrder;POS;Quod voluptates mollitia unde in quos repellendus mollitia.;True;6517;False;IMMEDIATE;TAKEOUT;EPADOCA;;DISPATCHED;15;918;30,00;4.1;10/01/2025 02:00;v2.0.0
177;CP53G6;Emporio Serra Verde;Curitiba;adawgf;20/01/2025 00:00;790;KB96vd;141353;DirectOrder;POS;Laudantium labore est quam cupiditate vero temporibus.;True;8170;False;IMMEDIATE;INDOOR;WEB;;DISPATCHED;17;1550;70,54;4.5;20/01/2025 02:00;v2.0.0
178;BV62F5;Restaurante Mar Azul;Salvador;FGVAva;28/03/2025 00:00;626;rv52bQ;789074;DirectOrder;POS;Beatae maiores harum omnis.;False;8355;False;IMMEDIATE;TAKEOUT;99FOOD;;PENDING;39;1180;56,27;4.4;28/03/2025 02:00;v2.0.0
179;MN55D3;Delivery do Centro;Rio de Janeiro;mrenQY;09/02/2025 00:00;926;sa98mw;430695;DirectOrder;POS;Dicta dolorum itaque porro qui tenetur sunt.;True;7026;False;SCHEDULED;INDOOR;WHATSAPP;;DISPATCHED;29;1420;63,13;3.2;09/02/2025 02:00;v2.0.0
180;AJ81E4;Cantina Horizonte;Belo Horizonte;LGUGJk;10/04/2025 00:00;990;xG45Tm;408119;DirectOrder;POS;Quas minus inventore qui sequi.;True;4271;False;IMMEDIATE;INDOOR;APP;;CONCLUDED;24;1188;45,93;3.6;10/04/2025 02:00;v2.0.0
181;LXK0A1;Cantina Liberdade;Sao Paulo;wcOGAA;24/03/2025 00:00;957;QH36wS;732220;DirectOrder;POS;Doloribus dolorum perspiciatis debitis fuga.;True;9452;False;IMMEDIATE;INDOOR;WEB;;CONCLUDED;20;1348;44,33;2.9;24/03/2025 02:00;v2.0.0
182;ZP930B;Boteco Paulista;Sao Paulo;aXewCu;08/04/2025 00:00;526;Vq07sA;391849;DirectOrder;POS;Fuga nam modi nam distinctio similique harum.;True;8167;False;IMMEDIATE;DELIVERY;WEB;;CONCLUDED;22;1269;56,69;3.2;08/04/2025 02:00;v2.0.0
183;DQ44H7;Sabores do Norte;Manaus;EcSltJ;24/04/2025 00:00;55;ND39ML;686199;DirectOrder;POS;Natus magnam delectus laborum beatae ipsam voluptatem.;False;9224;False;SCHEDULED;DELIVERY;EPADOCA;;CONCLUDED;28;1004;55,98;2.9;24/04/2025 02:00;v2.0.0
184;CP53G6;Emporio Serra Verde;Curitiba;SmsnXZ;11/01/2025 00:00;954;Un66JK;193851;DirectOrder;POS;Amet modi blanditiis recusandae inventore magni laudantium.;True;6493;False;IMMEDIATE;DELIVERY;WEB;;CONCLUDED;28;1294;100,00;4.0;11/01/2025 02:00;v2.0.0
185;LXK0A1;Cantina Liberdade;Sao Paulo;vfkNsr;06/02/2025 00:00;852;mp61Lm;367887;DirectOrder;POS;Voluptate quae temporibus distinctio nobis dolorum.;True;8685;False;SCHEDULED;TAKEOUT;WHATSAPP;;CONCLUDED;37;1402;43,94;3.5;06/02/2025 02:00;v2.0.0
186;LXK0A1;Cantina Liberdade;Sao Paulo;IMWpoK;26/04/2025 00:00;856;YD33HW;512216;DirectOrder;POS;Fuga blanditiis tenetur sint maxime mollitia.;True;9991;False;SCHEDULED;DELIVERY;APP;;CONCLUDED;24;1205;30,00;3.0;26/04/2025 02:00;v2.0.0
187;AJ81E4;Cantina Horizonte;Belo Horizonte;pMkVlS;31/01/2025 00:00;430;TQ44IU;475025;DirectOrder;POS;Eos voluptatum earum deserunt pariatur aspernatur.;False;2029;False;IMMEDIATE;INDOOR;APP;;CONCLUDED;26;1048;49,19;3.4;31/01/2025 02:00;v2.0.0
188;FS26K9;Casa do Chef Recife;Recife;uYytxU;10/03/2025 00:00;248;YW38Ne;329691;DirectOrder;POS;Sint explicabo nobis modi tenetur.;True;5772;False;SCHEDULED;DELIVERY;APP;;CONCLUDED;26;929;74,75;3.5;10/03/2025 02:00;v2.0.0
189;FS26K9;Casa do Chef Recife;Recife;fNRwMZ;15/02/2025 00:00;681;wO00It;576004;DirectOrder;POS;Totam non enim saepe ipsum non.;True;9576;False;SCHEDULED;DELIVERY;WEB;;CONCLUDED;26;1726;69,24;4.2;15/02/2025 02:00;v2.0.0
190;ER35J8;Pizza do Porto;Porto Alegre;qSWIDi;11/03/2025 00:00;568;aA69js;273277;DirectOrder;POS;Nulla laudantium omnis dolores.;True;7397;False;SCHEDULED;DELIVERY;WEB;;PENDING;28;1340;84,93;3.7;11/03/2025 02:00;v2.0.0
191;CP53G6;Emporio Serra Verde;Curitiba;xjknRM;17/02/2025 00:00;808;Ic60cX;682238;DirectOrder;POS;Itaque molestiae reprehenderit.;True;6649;False;IMMEDIATE;TAKEOUT;WEB;;CONCLUDED;36;1180;87,85;4.4;17/02/2025 02:00;v2.0.0
192;ZP930B;Boteco Paulista;Sao Paulo;NjBYpB;09/04/2025 00:00;137;tu00gP;339908;DirectOrder;POS;Ex sequi asperiores quod dolorem recusandae.;True;6772;False;SCHEDULED;TAKEOUT;EPADOCA;;DISPATCHED;21;1554;66,38;3.0;09/04/2025 02:00;v2.0.0
193;QW77C2;Padaria Vila Nova;Campinas;CisyJw;17/04/2025 00:00;713;pu50KJ;898101;DirectOrder;POS;Debitis quam cumque voluptate.;False;3986;False;IMMEDIATE;DELIVERY;99FOOD;;CONCLUDED;20;1087;30,00;4.3;17/04/2025 02:00;v2.0.0
194;DQ44H7;Sabores do Norte;Manaus;UlLGPs;05/01/2025 00:00;205;gH36MT;466597;DirectOrder;POS;Optio perspiciatis eligendi ut.;True;6170;False;SCHEDULED;TAKEOUT;EPADOCA;;CONCLUDED;30;885;69,06;3.2;05/01/2025 02:00;v2.0.0
195;CP53G6;Emporio Serra Verde;Curitiba;nWgmFB;15/04/2025 00:00;772;Ym46vJ;358896;DirectOrder;POS;Saepe nostrum ipsum possimus cupiditate nesciunt doloremque.;True;5687;False;SCHEDULED;DELIVERY;WEB;;CONCLUDED;23;1324;85,17;4.3;15/04/2025 02:00;v2.0.0
196;BV62F5;Restaurante Mar Azul;Salvador;TXRvOE;04/02/2025 00:00;911;qN43yQ;714231;DirectOrder;POS;Nam itaque doloremque eaque illo ipsam dignissimos.;False;8204;False;SCHEDULED;INDOOR;APP;;CONCLUDED;40;1322;92,88;3.7;04/02/2025 02:00;v2.0.0
197;QW77C2;Padaria Vila Nova;Campinas;BwlbOb;05/03/2025 00:00;817;DU84Uu;598626;DirectOrder;POS;Incidunt fugiat quidem rem.;False;2353;False;SCHEDULED;DELIVERY;EPADOCA;;CONCLUDED;21;1291;34,12;4.1;05/03/2025 02:00;v2.0.0
198;CP53G6;Emporio Serra Verde;Curitiba;YcEFTn;19/03/2025 00:00;301;Li86Xi;949164;DirectOrder;POS;Sed dolores ducimus nulla totam quibusdam soluta.;False;2680;False;IMMEDIATE;INDOOR;WHATSAPP;;CONCLUDED;26;1241;96,76;4.0;19/03/2025 02:00;v2.0.0
199;AJ81E4;Cantina Horizonte;Belo Horizonte;sTyBTx;09/02/2025 00:00;171;LX29Ej;212191;DirectOrder;POS;Id vel unde quidem.;False;6759;False;SCHEDULED;DELIVERY;WEB;;CANCELED;20;1410;47,20;3.3;09/02/2025 02:00;v2.0.0
200;BV62F5;Restaurante Mar Azul;Salvador;lizMos;20/03/2025 00:00;811;qC61QA;365543;DirectOrder;POS;Dolorum nisi magnam earum laudantium ea laudantium at.;True;2229;False;SCHEDULED;INDOOR;WHATSAPP;;CONCLUDED;38;1205;89,36;4.2;20/03/2025 02:00;v2.0.0
201;ER35J8;Pizza do Porto;Porto Alegre;zkvzDT;13/04/2025 00:00;32;wK92af;511846;DirectOrder;POS;Eos fugiat eligendi quis unde.;True;8179;False;IMMEDIATE;DELIVERY;99FOOD;;CONCLUDED;35;1107;91,17;3.6;13/04/2025 02:00;v2.0.0
202;ZP930B;Boteco Paulista;Sao Paulo;xNVciw;31/01/2025 00:00;393;jT08Xy;058458;DirectOrder;POS;Hic omnis adipisci dicta nemo voluptatem ullam.;True;3513;False;SCHEDULED;INDOOR;99FOOD;;CONCLUDED;22;1104;50,70;3.1;31/01/2025 02:00;v2.0.0
203;BV62F5;Restaurante Mar Azul;Salvador;KtBBAg;26/02/2025 00:00;543;PZ43Pd;888605;DirectOrder;POS;Dolores voluptatibus quaerat quidem nesciunt.;False;7521;False;SCHEDULED;TAKEOUT;99FOOD;;CONCLUDED;36;1112;100,00;3.8;26/02/2025 02:00;v2.0.0
204;AJ81E4;Cantina Horizonte;Belo Horizonte;xKkpcX;01/02/2025 00:00;191;Bm83Ix;108637;DirectOrder;POS;Laboriosam incidunt dicta natus occaecati placeat accusamus.;False;9482;False;SCHEDULED;TAKEOUT;WHATSAPP;;CONCLUDED;31;902;56,72;3.6;01/02/2025 02:00;v2.0.0
205;ZP930B;Boteco Paulista;Sao Paulo;FkWZvR;03/02/2025 00:00;220;qy59UF;653982;DirectOrder;POS;Id laboriosam debitis delectus.;False;9047;False;IMMEDIATE;DELIVERY;99FOOD;;CANCELED;22;1413;57,64;3.4;03/02/2025 02:00;v2.0.0
206;QW77C2;Padaria Vila Nova;Campinas;KIWruA;20/04/2025 00:00;731;zb11ka;997460;DirectOrder;POS;Ad perspiciatis illum veritatis eaque deleniti.;False;2438;False;SCHEDULED;TAKEOUT;APP;;CONCLUDED;26;1127;30,00;4.2;20/04/2025 02:00;v2.0.0
207;BV62F5;Restaurante Mar Azul;Salvador;KrBGpb;01/04/2025 00:00;913;vD57lD;311935;DirectOrder;POS;Earum adipisci numquam pariatur sunt sit animi.;False;3580;False;IMMEDIATE;INDOOR;APP;;CONCLUDED;50;1095;82,78;4.4;01/04/2025 02:00;v2.0.0
208;ER35J8;Pizza do Porto;Porto Alegre;pMwkPZ;29/01/2025 00:00;143;BV40Rr;285428;DirectOrder;POS;Dicta itaque odit voluptatem nisi.;True;9094;False;IMMEDIATE;INDOOR;APP;;CONCLUDED;25;1016;72,10;3.6;29/01/2025 02:00;v2.0.0
209;ER35J8;Pizza do Porto;Porto Alegre;GmBlUG;15/03/2025 00:00;565;ZU45ak;313141;DirectOrder;POS;Pariatur porro harum hic sapiente tempora non.;True;2412;False;IMMEDIATE;INDOOR;APP;;DISPATCHED;34;1246;63,90;3.5;15/03/2025 02:00;v2.0.0
210;CP53G6;Emporio Serra Verde;Curitiba;idWCis;02/04/2025 00:00;788;oo38cy;427790;DirectOrder;POS;Hic explicabo eum sed.;False;2208;False;IMMEDIATE;INDOOR;99FOOD;;CONCLUDED;28;1157;100,00;4.2;02/04/2025 02:00;v2.0.0
211;ZP930B;Boteco Paulista;Sao Paulo;KLbcRp;27/02/2025 00:00;132;Ym22iV;822508;DirectOrder;POS;Nam nam occaecati labore.;True;3114;False;SCHEDULED;TAKEOUT;WEB;;CONCLUDED;17;1276;54,51;3.4;27/02/2025 02:00;v2.0.0
212;LXK0A1;Cantina Liberdade;Sao Paulo;nKCgzY;17/04/2025 00:00;169;TG09lA;991199;DirectOrder;POS;Dolorum deserunt sint nesciunt laboriosam aperiam omnis.;True;6286;False;IMMEDIATE;INDOOR;APP;;CONCLUDED;29;1691;43,26;3.4;17/04/2025 02:00;v2.0.0
213;ER35J8;Pizza do Porto;Porto Alegre;nZESiP;25/04/2025 00:00;202;IO28Yo;834875;DirectOrder;POS;Quasi vero architecto minus aliquid veniam.;False;3050;False;SCHEDULED;TAKEOUT;APP;;CONCLUDED;30;1088;69,05;3.6;25/04/2025 02:00;v2.0.0
214;ER35J8;Pizza do Porto;Porto Alegre;AHWPdC;12/01/2025 00:00;965;sg03nj;142691;DirectOrder;POS;Distinctio cumque consequatur laborum deserunt vero dicta.;True;3804;False;SCHEDULED;TAKEOUT;WEB;;CONCLUDED;44;1085;69,05;4.0;12/01/2025 02:00;v2.0.0
215;LXK0A1;Cantina Liberdade;Sao Paulo;oVowiV;16/04/2025 00:00;972;pI37GO;093722;DirectOrder;POS;Sequi blanditiis molestias incidunt dolor quae quibusdam.;False;4453;False;SCHEDULED;TAKEOUT;WHATSAPP;;CONCLUDED;24;1326;35,71;3.4;16/04/2025 02:00;v2.0.0
216;LXK0A1;Cantina Liberdade;Sao Paulo;EQbXfO;05/03/2025 00:00;658;WL59PM;791697;DirectOrder;POS;Exercitationem omnis amet.;False;8912;False;IMMEDIATE;TAKEOUT;WHATSAPP;;CONCLUDED;36;1559;43,53;2.9;05/03/2025 02:00;v2.0.0
217;CP53G6;Emporio Serra Verde;Curitiba;eFISpX;08/02/2025 00:00;162;uS51ws;518668;DirectOrder;POS;Modi quisquam reiciendis laboriosam.;False;7809;False;SCHEDULED;INDOOR;WEB;;CANCELED;25;1266;87,19;4.3;08/02/2025 02:00;v2.0.0
218;MN55D3;Delivery do Centro;Rio de Janeiro;acEOMX;13/02/2025 00:00;736;JM51JW;508737;DirectOrder;POS;Corporis optio consectetur quaerat rerum voluptatum sequi.;False;6658;False;SCHEDULED;DELIVERY;99FOOD;;CONCLUDED;28;1040;78,30;3.6;13/02/2025 02:00;v2.0.0
219;BV62F5;Restaurante Mar Azul;Salvador;IMVymy;07/03/2025 00:00;478;Fe21II;337741;DirectOrder;POS;Delectus eos quam recusandae velit quas quia.;True;5382;False;SCHEDULED;DELIVERY;99FOOD;;CONCLUDED;37;1558;67,66;3.8;07/03/2025 02:00;v2.0.0
220;QW77C2;Padaria Vila Nova;Campinas;kvoicq;13/01/2025 00:00;885;aa79gy;884313;DirectOrder;POS;Iste porro nulla labore error voluptate harum.;False;5067;False;IMMEDIATE;INDOOR;APP;;PENDING;17;1437;30,00;3.9;13/01/2025 02:00;v2.0.0
221;FS26K9;Casa do Chef Recife;Recife;CzNzir;03/04/2025 00:00;511;hq58Nm;384458;DirectOrder;POS;Rem optio veniam velit suscipit iure est praesentium.;False;9171;False;SCHEDULED;INDOOR;WEB;;DISPATCHED;29;1408;100,00;3.8;03/04/2025 02:00;v2.0.0
222;LXK0A1;Cantina Liberdade;Sao Paulo;vRwRhn;12/01/2025 00:00;990;Jf20Jd;355808;DirectOrder;POS;Earum vel pariatur veniam assumenda.;True;4524;False;SCHEDULED;DELIVERY;WHATSAPP;;CONCLUDED;31;1128;47,16;3.8;12/01/2025 02:00;v2.0.0
223;LXK0A1;Cantina Liberdade;Sao Paulo;HoBvGV;06/02/2025 00:00;670;ow93LS;990838;DirectOrder;POS;Iure necessitatibus possimus accusamus maiores.;False;5681;False;IMMEDIATE;DELIVERY;WEB;;DISPATCHED;32;1301;46,47;3.6;06/02/2025 02:00;v2.0.0
224;CP53G6;Emporio Serra Verde;Curitiba;xyucLu;18/01/2025 00:00;783;En98qh;914511;DirectOrder;POS;Repellat ad sequi.;False;6995;False;IMMEDIATE;INDOOR;WHATSAPP;;CANCELED;30;1329;100,00;4.5;18/01/2025 02:00;v2.0.0
225;LXK0A1;Cantina Liberdade;Sao Paulo;dreTiI;14/03/2025 00:00;296;EG35vJ;159363;DirectOrder;POS;Voluptas temporibus id impedit.;True;7329;False;SCHEDULED;TAKEOUT;WEB;;CONCLUDED;34;1036;40,74;3.3;14/03/2025 02:00;v2.0.0
226;AJ81E4;Cantina Horizonte;Belo Horizonte;KvYyXZ;16/04/2025 00:00;122;sR13el;944552;DirectOrder;POS;Perspiciatis atque aut adipisci.;True;2584;False;SCHEDULED;INDOOR;WHATSAPP;;CANCELED;26;1455;47,99;3.5;16/04/2025 02:00;v2.0.0
227;BV62F5;Restaurante Mar Azul;Salvador;hfIElR;13/03/2025 00:00;204;ce92BJ;979229;DirectOrder;POS;Laudantium illo aspernatur distinctio minima.;False;9193;False;IMMEDIATE;DELIVERY;WHATSAPP;;DISPATCHED;27;1349;93,10;4.0;13/03/2025 02:00;v2.0.0
228;LXK0A1;Cantina Liberdade;Sao Paulo;VQBxfr;18/01/2025 00:00;532;lf22pY;008621;DirectOrder;POS;Corrupti blanditiis nam natus vitae ratione labore quasi.;False;3440;False;IMMEDIATE;INDOOR;EPADOCA;;DISPATCHED;26;1243;46,88;3.8;18/01/2025 02:00;v2.0.0
229;FS26K9;Casa do Chef Recife;Recife;BgQtcb;10/02/2025 00:00;758;QY03ch;282512;DirectOrder;POS;Doloribus fuga temporibus iste minus dolorum minus.;False;6511;False;SCHEDULED;TAKEOUT;WEB;;PENDING;32;1255;87,77;4.3;10/02/2025 02:00;v2.0.0
230;FS26K9;Casa do Chef Recife;Recife;cgqgTA;08/02/2025 00:00;340;Xa43da;638969;DirectOrder;POS;Fugiat dolore repellat illum molestiae.;True;7824;False;SCHEDULED;TAKEOUT;WEB;;CONCLUDED;30;1238;93,19;3.9;08/02/2025 02:00;v2.0.0
231;LXK0A1;Cantina Liberdade;Sao Paulo;fpTosg;18/03/2025 00:00;802;bS97kC;114824;DirectOrder;POS;Ratione suscipit debitis sint reiciendis possimus ipsum nisi.;True;1841;False;SCHEDULED;DELIVERY;WEB;;PENDING;28;1059;50,12;3.0;18/03/2025 02:00;v2.0.0
232;ER35J8;Pizza do Porto;Porto Alegre;RAXogw;22/03/2025 00:00;390;HA84IR;126622;DirectOrder;POS;Ullam ea sed eaque debitis.;True;4968;False;IMMEDIATE;TAKEOUT;99FOOD;;DISPATCHED;31;1275;94,78;3.3;22/03/2025 02:00;v2.0.0
233;ZP930B;Boteco Paulista;Sao Paulo;uwjYdb;25/01/2025 00:00;156;Af26oC;180918;DirectOrder;POS;Eius ea minus.;False;4340;False;SCHEDULED;TAKEOUT;APP;;CONCLUDED;19;1576;70,50;3.2;25/01/2025 02:00;v2.0.0
234;FS26K9;Casa do Chef Recife;Recife;CnPMgy;28/04/2025 00:00;745;IB73ED;760844;DirectOrder;POS;Nobis rem quae ipsam deleniti sint.;True;3262;False;IMMEDIATE;TAKEOUT;WEB;;DISPATCHED;35;1099;62,11;3.4;28/04/2025 02:00;v2.0.0
235;BV62F5;Restaurante Mar Azul;Salvador;rvxLsD;26/03/2025 00:00;980;Ry39jt;811548;DirectOrder;POS;Voluptatem similique numquam tempore corrupti fugit.;True;8531;False;SCHEDULED;TAKEOUT;99FOOD;;CONCLUDED;39;1087;73,46;4.2;26/03/2025 02:00;v2.0.0
236;BV62F5;Restaurante Mar Azul;Salvador;BOaqgz;28/03/2025 00:00;659;lb32Az;575330;DirectOrder;POS;Impedit voluptas incidunt accusantium nisi consequuntur temporibus.;False;8932;False;IMMEDIATE;DELIVERY;99FOOD;;CANCELED;42;1180;69,26;4.2;28/03/2025 02:00;v2.0.0
237;AJ81E4;Cantina Horizonte;Belo Horizonte;TNtGDr;13/03/2025 00:00;305;rd46SK;508340;DirectOrder;POS;Doloremque quia libero voluptates saepe impedit.;False;4396;False;SCHEDULED;INDOOR;APP;;PENDING;18;1061;59,96;3.3;13/03/2025 02:00;v2.0.0
238;DQ44H7;Sabores do Norte;Manaus;ySCRsd;14/02/2025 00:00;739;jF74ei;614523;DirectOrder;POS;Blanditiis ab quos eaque sapiente iusto.;False;5715;False;IMMEDIATE;TAKEOUT;99FOOD;;PENDING;25;1270;61,49;3.1;14/02/2025 02:00;v2.0.0
239;ER35J8;Pizza do Porto;Porto Alegre;fHFeBG;18/02/2025 00:00;354;TC04GK;171536;DirectOrder;POS;Reiciendis sit nobis quis error harum enim.;True;5758;False;IMMEDIATE;INDOOR;WHATSAPP;;CONCLUDED;34;1423;60,43;4.1;18/02/2025 02:00;v2.0.0
240;ZP930B;Boteco Paulista;Sao Paulo;wQCSFb;14/02/2025 00:00;766;SN73iw;094669;DirectOrder;POS;Fugit nulla voluptate magni ut.;False;4505;False;IMMEDIATE;TAKEOUT;WHATSAPP;;CANCELED;24;1289;58,39;3.3;14/02/2025 02:00;v2.0.0
241;AJ81E4;Cantina Horizonte;Belo Horizonte;ayGMYH;30/04/2025 00:00;112;uV80zD;703007;DirectOrder;POS;Vero amet quia minima facilis molestias.;True;4972;False;IMMEDIATE;TAKEOUT;WEB;;CONCLUDED;27;1341;50,21;3.9;30/04/2025 02:00;v2.0.0
242;ER35J8;Pizza do Porto;Porto Alegre;sNonGE;29/01/2025 00:00;424;Ko84Qk;157621;DirectOrder;POS;Excepturi cum exercitationem delectus error amet facilis.;False;8739;False;IMMEDIATE;TAKEOUT;EPADOCA;;CONCLUDED;30;1560;76,74;4.1;29/01/2025 02:00;v2.0.0
243;QW77C2;Padaria Vila Nova;Campinas;kwooaT;01/01/2025 00:00;162;OG37cA;975181;DirectOrder;POS;Voluptatum rerum consequuntur optio.;False;8793;False;SCHEDULED;TAKEOUT;WHATSAPP;;PENDING;18;1063;30,78;3.4;01/01/2025 02:00;v2.0.0
244;MN55D3;Delivery do Centro;Rio de Janeiro;lfFaop;07/04/2025 00:00;662;GB13Wf;247161;DirectOrder;POS;Molestias voluptates quos nobis possimus nihil.;True;2465;False;IMMEDIATE;TAKEOUT;WHATSAPP;;CONCLUDED;27;822;80,59;2.9;07/04/2025 02:00;v2.0.0
245;LXK0A1;Cantina Liberdade;Sao Paulo;aVDwbU;27/04/2025 00:00;858;MM62mt;994614;DirectOrder;POS;Deserunt optio doloremque aliquam.;True;1595;False;SCHEDULED;INDOOR;WHATSAPP;;CONCLUDED;19;1352;38,58;2.9;27/04/2025 02:00;v2.0.0
246;QW77C2;Padaria Vila Nova;Campinas;TpXirJ;30/04/2025 00:00;297;rd08nZ;586068;DirectOrder;POS;Accusantium itaque atque aliquam.;True;1151;False;SCHEDULED;TAKEOUT;99FOOD;;DISPATCHED;14;1190;35,38;3.9;30/04/2025 02:00;v2.0.0
247;FS26K9;Casa do Chef Recife;Recife;QjxRmj;14/01/2025 00:00;466;dY57pD;055227;DirectOrder;POS;Ipsa nesciunt officiis reiciendis sit sed ipsum.;False;3198;False;SCHEDULED;INDOOR;WHATSAPP;;CONCLUDED;42;1375;83,95;3.6;14/01/2025 02:00;v2.0.0
248;MN55D3;Delivery do Centro;Rio de Janeiro;UbVXAD;14/04/2025 00:00;470;iO74iL;901457;DirectOrder;POS;Eveniet tempora itaque optio.;False;4050;False;IMMEDIATE;TAKEOUT;APP;;CONCLUDED;31;791;67,22;3.1;14/04/2025 02:00;v2.0.0
249;BV62F5;Restaurante Mar Azul;Salvador;vXIinN;12/04/2025 00:00;198;Tp27WN;580358;DirectOrder;POS;Autem repellendus repellendus consectetur.;True;7643;False;SCHEDULED;TAKEOUT;EPADOCA;;CANCELED;30;1143;86,00;3.8;12/04/2025 02:00;v2.0.0
250;BV62F5;Restaurante Mar Azul;Salvador;RErGnv;12/01/2025 00:00;144;Hp38rW;814173;DirectOrder;POS;Id at quae delectus sit inventore dolorum.;False;6301;False;IMMEDIATE;DELIVERY;EPADOCA;;CONCLUDED;33;1314;100,00;4.2;12/01/2025 02:00;v2.0.0
251;AJ81E4;Cantina Horizonte;Belo Horizonte;Xrseyk;19/02/2025 00:00;977;jK97bL;194475;DirectOrder;POS;Exercitationem minima fuga ducimus quas.;False;5947;False;IMMEDIATE;INDOOR;APP;;DISPATCHED;26;1070;56,33;3.8;19/02/2025 02:00;v2.0.0
252;BV62F5;Restaurante Mar Azul;Salvador;hhwjKd;30/03/2025 00:00;477;ge20eW;578351;DirectOrder;POS;Consectetur odio reprehenderit ex itaque repudiandae facilis.;False;3616;False;SCHEDULED;TAKEOUT;WEB;;CANCELED;44;1327;100,00;4.1;30/03/2025 02:00;v2.0.0
253;ER35J8;Pizza do Porto;Porto Alegre;edvjcK;29/04/2025 00:00;319;Uc64hL;423042;DirectOrder;POS;Consectetur repellat ut temporibus beatae delectus.;True;5833;False;SCHEDULED;TAKEOUT;WHATSAPP;;CANCELED;44;1239;92,74;3.6;29/04/2025 02:00;v2.0.0
254;MN55D3;Delivery do Centro;Rio de Janeiro;nLPzyI;29/01/2025 00:00;466;MI67QN;737290;DirectOrder;POS;Cum qui itaque atque architecto dicta.;False;7813;False;SCHEDULED;TAKEOUT;WHATSAPP;;CONCLUDED;40;1239;96,15;2.9;29/01/2025 02:00;v2.0.0
255;MN55D3;Delivery do Centro;Rio de Janeiro;AafquP;08/04/2025 00:00;895;yp58tF;503205;DirectOrder;POS;Minima porro ea dicta quas est ut accusantium.;True;9609;False;SCHEDULED;TAKEOUT;WEB;;DISPATCHED;28;1284;61,79;3.0;08/04/2025 02:00;v2.0.0
256;BV62F5;Restaurante Mar Azul;Salvador;Tmbzpz;10/01/2025 00:00;849;lp84qj;595417;DirectOrder;POS;Fugit nisi commodi dignissimos.;True;9792;False;IMMEDIATE;DELIVERY;WHATSAPP;;CONCLUDED;37;1628;98,47;3.9;10/01/2025 02:00;v2.0.0
257;BV62F5;Restaurante Mar Azul;Salvador;fEjycJ;20/04/2025 00:00;211;vS60dU;490748;DirectOrder;POS;Maiores magnam est molestiae perspiciatis aperiam.;False;2489;False;SCHEDULED;DELIVERY;99FOOD;;CONCLUDED;38;1224;100,00;4.1;20/04/2025 02:00;v2.0.0
258;DQ44H7;Sabores do Norte;Manaus;nRWHzD;17/01/2025 00:00;60;rK37rh;624456;DirectOrder;POS;Iusto incidunt ut at maxime cumque reiciendis.;False;6049;False;IMMEDIATE;INDOOR;99FOOD;;CONCLUDED;25;866;68,85;2.9;17/01/2025 02:00;v2.0.0
259;AJ81E4;Cantina Horizonte;Belo Horizonte;nJpVSv;15/04/2025 00:00;75;YB76up;627138;DirectOrder;POS;Necessitatibus vero laudantium in ut.;True;7941;False;SCHEDULED;TAKEOUT;APP;;CONCLUDED;23;1514;48,23;3.8;15/04/2025 02:00;v2.0.0
260;ZP930B;Boteco Paulista;Sao Paulo;fKMULm;11/03/2025 00:00;71;hd46dG;309884;DirectOrder;POS;Qui modi sunt est aperiam vero suscipit quasi.;False;1519;False;SCHEDULED;INDOOR;WHATSAPP;;PENDING;22;1409;42,86;2.9;11/03/2025 02:00;v2.0.0
261;QW77C2;Padaria Vila Nova;Campinas;OZRZkv;09/04/2025 00:00;747;rC53NT;546298;DirectOrder;POS;Minima corporis nulla atque.;False;7135;False;SCHEDULED;INDOOR;APP;;CONCLUDED;21;1192;40,40;3.7;09/04/2025 02:00;v2.0.0
262;CP53G6;Emporio Serra Verde;Curitiba;jUipfT;18/02/2025 00:00;896;Mk19rp;114210;DirectOrder;POS;Nulla animi voluptate cupiditate rem.;True;6697;False;IMMEDIATE;DELIVERY;APP;;PENDING;27;884;94,95;4.5;18/02/2025 02:00;v2.0.0
263;ER35J8;Pizza do Porto;Porto Alegre;vYVRaV;20/02/2025 00:00;229;Lv07ub;164898;DirectOrder;POS;Alias ab perferendis illo ipsa commodi unde.;True;1372;False;SCHEDULED;INDOOR;WEB;;CANCELED;30;1279;98,73;4.0;20/02/2025 02:00;v2.0.0
264;ER35J8;Pizza do Porto;Porto Alegre;lCnvon;24/02/2025 00:00;254;eD25hQ;616661;DirectOrder;POS;Dolorum recusandae beatae officiis animi quam doloribus quis.;False;6671;False;IMMEDIATE;INDOOR;WEB;;DISPATCHED;31;1065;84,94;3.8;24/02/2025 02:00;v2.0.0
265;MN55D3;Delivery do Centro;Rio de Janeiro;MnyYzR;30/04/2025 00:00;33;Pc13nT;009023;DirectOrder;POS;Expedita repudiandae asperiores at maiores rerum occaecati corporis.;False;1256;False;IMMEDIATE;DELIVERY;WHATSAPP;;DISPATCHED;33;1125;69,68;3.4;30/04/2025 02:00;v2.0.0
266;ZP930B;Boteco Paulista;Sao Paulo;THXQKg;13/01/2025 00:00;689;PP25iE;920149;DirectOrder;POS;Cum delectus at non.;True;5009;False;IMMEDIATE;INDOOR;EPADOCA;;CONCLUDED;27;852;62,64;2.9;13/01/2025 02:00;v2.0.0
267;DQ44H7;Sabores do Norte;Manaus;UoxQQl;30/01/2025 00:00;795;nn30NH;088207;DirectOrder;POS;Consectetur perspiciatis accusantium similique a.;True;3295;False;SCHEDULED;DELIVERY;99FOOD;;DISPATCHED;20;1432;57,96;2.9;30/01/2025 02:00;v2.0.0
268;FS26K9;Casa do Chef Recife;Recife;AICzyM;10/02/2025 00:00;839;zx12mH;463526;DirectOrder;POS;Exercitationem tempore architecto occaecati facere.;False;4881;False;SCHEDULED;DELIVERY;EPADOCA;;DISPATCHED;32;1295;76,93;4.0;10/02/2025 02:00;v2.0.0
269;ER35J8;Pizza do Porto;Porto Alegre;CoeaEo;29/01/2025 00:00;571;gT22mH;919887;DirectOrder;POS;Sequi perferendis alias officia ex illo numquam.;True;7999;False;SCHEDULED;DELIVERY;APP;;CONCLUDED;41;1101;79,08;3.4;29/01/2025 02:00;v2.0.0
270;BV62F5;Restaurante Mar Azul;Salvador;EDRtsw;01/05/2025 00:00;538;dd81JV;358571;DirectOrder;POS;Deleniti natus necessitatibus esse perferendis excepturi quisquam quaerat.;False;7821;False;SCHEDULED;DELIVERY;99FOOD;;CONCLUDED;49;1370;64,78;3.9;01/05/2025 02:00;v2.0.0
271;AJ81E4;Cantina Horizonte;Belo Horizonte;BwfHtf;18/02/2025 00:00;247;eb87Un;029537;DirectOrder;POS;Repudiandae nihil tenetur odit unde tempora.;True;5927;False;IMMEDIATE;INDOOR;APP;;CONCLUDED;24;1615;42,18;3.5;18/02/2025 02:00;v2.0.0
272;LXK0A1;Cantina Liberdade;Sao Paulo;XoXUeX;13/03/2025 00:00;543;pk62WW;641594;DirectOrder;POS;Repellendus laborum error necessitatibus blanditiis esse aut.;True;7363;False;IMMEDIATE;INDOOR;APP;;CONCLUDED;33;1247;44,89;3.4;13/03/2025 02:00;v2.0.0
273;MN55D3;Delivery do Centro;Rio de Janeiro;ICEzzS;12/02/2025 00:00;868;Cw61Ha;162830;DirectOrder;POS;Eos veniam sint nobis sapiente.;False;2514;False;IMMEDIATE;DELIVERY;99FOOD;;PENDING;29;1192;66,74;3.1;12/02/2025 02:00;v2.0.0
274;AJ81E4;Cantina Horizonte;Belo Horizonte;ZUDWRd;18/02/2025 00:00;895;kf89HJ;928401;DirectOrder;POS;Veritatis molestias repellat sint quo commodi.;True;4082;False;IMMEDIATE;INDOOR;EPADOCA;;CONCLUDED;29;1183;50,89;3.6;18/02/2025 02:00;v2.0.0
275;MN55D3;Delivery do Centro;Rio de Janeiro;CLSScd;22/04/2025 00:00;931;ZC60fq;170621;DirectOrder;POS;Quas asperiores autem sunt saepe doloremque.;True;4470;False;IMMEDIATE;TAKEOUT;WHATSAPP;;CONCLUDED;35;1269;70,99;2.9;22/04/2025 02:00;v2.0.0
276;ZP930B;Boteco Paulista;Sao Paulo;DxMCoS;06/04/2025 00:00;249;IK37vz;930000;DirectOrder;POS;Ducimus eius quisquam hic asperiores aperiam itaque ipsam.;True;7498;False;IMMEDIATE;TAKEOUT;WHATSAPP;;CONCLUDED;31;1172;64,88;2.9;06/04/2025 02:00;v2.0.0
277;BV62F5;Restaurante Mar Azul;Salvador;PhbHlx;10/04/2025 00:00;665;KI86Jz;491562;DirectOrder;POS;Cumque quibusdam sint repellendus quam soluta nobis.;False;6053;False;SCHEDULED;INDOOR;WEB;;CONCLUDED;42;989;100,00;3.7;10/04/2025 02:00;v2.0.0
278;ER35J8;Pizza do Porto;Porto Alegre;HCsjcS;23/04/2025 00:00;740;ap71iS;555226;DirectOrder;POS;Ex occaecati omnis doloribus dolor inventore rem amet.;False;6246;False;IMMEDIATE;INDOOR;WEB;;CONCLUDED;33;1243;69,24;4.2;23/04/2025 02:00;v2.0.0
279;BV62F5;Restaurante Mar Azul;Salvador;qJGgJK;22/02/2025 00:00;760;RC69Ej;698249;DirectOrder;POS;Eligendi nostrum iure magnam assumenda fuga.;True;1265;False;SCHEDULED;TAKEOUT;APP;;DISPATCHED;39;1272;100,00;4.1;22/02/2025 02:00;v2.0.0
280;FS26K9;Casa do Chef Recife;Recife;RzXOaR;16/03/2025 00:00;201;mL24pI;720982;DirectOrder;POS;Similique nesciunt dolorum nesciunt fuga recusandae accusantium fugiat.;False;4768;False;SCHEDULED;TAKEOUT;99FOOD;;CONCLUDED;34;1410;100,00;3.9;16/03/2025 02:00;v2.0.0
281;MN55D3;Delivery do Centro;Rio de Janeiro;NuKEKY;05/03/2025 00:00;346;Kb19vv;120593;DirectOrder;POS;Facilis totam repudiandae hic.;False;9005;False;SCHEDULED;INDOOR;99FOOD;;PENDING;33;971;83,93;3.4;05/03/2025 02:00;v2.0.0
282;QW77C2;Padaria Vila Nova;Campinas;kqwHSS;04/04/2025 00:00;738;Ia93Rn;825298;DirectOrder;POS;Occaecati alias voluptates vero magni doloribus.;False;4015;False;IMMEDIATE;TAKEOUT;99FOOD;;CONCLUDED;19;1049;40,11;3.5;04/04/2025 02:00;v2.0.0
283;LXK0A1;Cantina Liberdade;Sao Paulo;aeVMrv;18/04/2025 00:00;685;zp50Co;439487;DirectOrder;POS;Quae facere occaecati similique cumque molestias architecto.;True;1104;False;SCHEDULED;DELIVERY;99FOOD;;PENDING;29;1284;41,52;3.4;18/04/2025 02:00;v2.0.0
284;MN55D3;Delivery do Centro;Rio de Janeiro;HutwzI;09/01/2025 00:00;518;li74og;288964;DirectOrder;POS;Nulla optio quos ut fuga eveniet quod.;False;7114;False;IMMEDIATE;TAKEOUT;99FOOD;;CONCLUDED;28;1392;90,33;3.2;09/01/2025 02:00;v2.0.0
285;FS26K9;Casa do Chef Recife;Recife;xlcGKr;27/04/2025 00:00;7;xV37Ck;627815;DirectOrder;POS;Nam asperiores ipsum distinctio in.;False;1194;False;IMMEDIATE;TAKEOUT;WEB;;CONCLUDED;36;1340;100,00;3.6;27/04/2025 02:00;v2.0.0
286;AJ81E4;Cantina Horizonte;Belo Horizonte;xKKpjA;10/03/2025 00:00;833;qo73zN;675830;DirectOrder;POS;Iure quam assumenda quia voluptatum magnam inventore.;False;3937;False;IMMEDIATE;DELIVERY;WHATSAPP;;CONCLUDED;25;1225;42,59;3.9;10/03/2025 02:00;v2.0.0
287;ER35J8;Pizza do Porto;Porto Alegre;SdUobR;20/01/2025 00:00;259;DZ96gQ;214856;DirectOrder;POS;Molestias ratione tempora.;False;5379;False;SCHEDULED;DELIVERY;APP;;CONCLUDED;27;911;75,57;3.7;20/01/2025 02:00;v2.0.0
288;BV62F5;Restaurante Mar Azul;Salvador;FcsqYO;21/02/2025 00:00;714;ql71cs;305722;DirectOrder;POS;Nobis veritatis voluptas cumque nulla.;True;5914;False;IMMEDIATE;TAKEOUT;99FOOD;;CONCLUDED;30;769;100,00;3.8;21/02/2025 02:00;v2.0.0
289;LXK0A1;Cantina Liberdade;Sao Paulo;XrkPiw;12/01/2025 00:00;488;Qi57Yg;803843;DirectOrder;POS;Cupiditate facilis blanditiis labore nihil possimus rerum.;True;1154;False;IMMEDIATE;DELIVERY;APP;;CONCLUDED;37;1401;37,17;3.0;12/01/2025 02:00;v2.0.0
290;DQ44H7;Sabores do Norte;Manaus;Sqkalr;19/04/2025 00:00;580;cu36uw;985409;DirectOrder;POS;Dolorem rem sit alias beatae atque.;True;9653;False;IMMEDIATE;DELIVERY;99FOOD;;DISPATCHED;32;1135;54,32;3.6;19/04/2025 02:00;v2.0.0
291;MN55D3;Delivery do Centro;Rio de Janeiro;iIPHUM;26/04/2025 00:00;487;mY77LV;540292;DirectOrder;POS;Placeat esse debitis ducimus corporis.;False;1762;False;IMMEDIATE;TAKEOUT;WHATSAPP;;DISPATCHED;21;870;38,51;3.7;26/04/2025 02:00;v2.0.0
292;AJ81E4;Cantina Horizonte;Belo Horizonte;KhZInf;26/04/2025 00:00;184;mK46TF;947977;DirectOrder;POS;Corporis temporibus eius praesentium possimus earum.;False;1256;False;IMMEDIATE;TAKEOUT;WEB;;CANCELED;33;1312;53,28;4.2;26/04/2025 02:00;v2.0.0
293;QW77C2;Padaria Vila Nova;Campinas;SgsRnX;07/04/2025 00:00;952;Of63Ky;453264;DirectOrder;POS;Molestiae possimus placeat aut ipsa pariatur.;True;5903;False;IMMEDIATE;TAKEOUT;99FOOD;;DISPATCHED;20;1256;34,32;4.0;07/04/2025 02:00;v2.0.0
294;MN55D3;Delivery do Centro;Rio de Janeiro;AFCQKk;14/03/2025 00:00;919;wV67nq;371684;DirectOrder;POS;Consequuntur doloribus quisquam nulla doloribus facere facere.;False;7288;False;IMMEDIATE;TAKEOUT;99FOOD;;CONCLUDED;25;1143;71,31;3.1;14/03/2025 02:00;v2.0.0
295;ZP930B;Boteco Paulista;Sao Paulo;jApufQ;06/03/2025 00:00;101;Fj37xM;382202;DirectOrder;POS;Voluptatum labore eius quia vel enim fuga.;False;4803;False;IMMEDIATE;INDOOR;99FOOD;;CONCLUDED;17;979;38,24;3.2;06/03/2025 02:00;v2.0.0
296;FS26K9;Casa do Chef Recife;Recife;XKHENN;09/04/2025 00:00;993;dO12gh;275171;DirectOrder;POS;Ab repellat commodi.;False;1485;False;SCHEDULED;INDOOR;EPADOCA;;CONCLUDED;39;885;86,72;4.2;09/04/2025 02:00;v2.0.0
297;DQ44H7;Sabores do Norte;Manaus;MEQvqT;30/01/2025 00:00;443;yQ39xf;838677;DirectOrder;POS;Illum voluptatum voluptas ducimus tempora nesciunt quia.;True;7227;False;IMMEDIATE;TAKEOUT;EPADOCA;;PENDING;21;1155;50,96;3.2;30/01/2025 02:00;v2.0.0
298;AJ81E4;Cantina Horizonte;Belo Horizonte;xQgZbv;13/04/2025 00:00;275;EC98PB;027943;DirectOrder;POS;Illo id sed deserunt voluptates aperiam soluta.;True;7225;False;IMMEDIATE;TAKEOUT;APP;;CONCLUDED;26;933;49,46;3.4;13/04/2025 02:00;v2.0.0
299;CP53G6;Emporio Serra Verde;Curitiba;xEOoQl;10/02/2025 00:00;966;AI81HD;964117;DirectOrder;POS;Illum recusandae commodi at accusantium.;False;8286;False;SCHEDULED;INDOOR;WEB;;CONCLUDED;16;1288;87,39;4.5;10/02/2025 02:00;v2.0.0
300;ZP930B;Boteco Paulista;Sao Paulo;MDZfJG;17/01/2025 00:00;571;ua94ga;411115;DirectOrder;POS;Tenetur inventore repellat repellat blanditiis.;False;2692;False;IMMEDIATE;DELIVERY;APP;;CONCLUDED;22;1472;54,81;3.3;17/01/2025 02:00;v2.0.0
301;BV62F5;Restaurante Mar Azul;Salvador;dnuKHV;12/03/2025 00:00;333;Hb40lI;167566;DirectOrder;POS;Modi et veritatis tempore.;False;1202;False;SCHEDULED;INDOOR;APP;;CONCLUDED;38;1308;92,03;3.9;12/03/2025 02:00;v2.0.0
302;CP53G6;Emporio Serra Verde;Curitiba;sydRoP;10/04/2025 00:00;927;Fm42oq;860993;DirectOrder;POS;Id perspiciatis maiores suscipit dolor officiis enim cumque.;True;9537;False;IMMEDIATE;TAKEOUT;APP;;PENDING;20;1067;98,86;4.4;10/04/2025 02:00;v2.0.0
303;CP53G6;Emporio Serra Verde;Curitiba;nvBTam;22/01/2025 00:00;505;mY41cK;346422;DirectOrder;POS;Quasi ullam in facilis ullam eos.;True;2036;False;IMMEDIATE;INDOOR;APP;;CONCLUDED;18;1061;73,26;4.5;22/01/2025 02:00;v2.0.0
304;AJ81E4;Cantina Horizonte;Belo Horizonte;hIsMLe;23/02/2025 00:00;370;Tp32CM;186502;DirectOrder;POS;Reiciendis corrupti cumque itaque natus.;False;5040;False;SCHEDULED;TAKEOUT;APP;;DISPATCHED;24;1449;39,18;3.8;23/02/2025 02:00;v2.0.0
305;FS26K9;Casa do Chef Recife;Recife;Efvyjl;26/01/2025 00:00;7;uX87DL;763004;DirectOrder;POS;Ratione veritatis vero culpa possimus eveniet magnam sint.;False;6443;False;SCHEDULED;INDOOR;WEB;;CONCLUDED;27;1629;73,82;4.0;26/01/2025 02:00;v2.0.0
306;DQ44H7;Sabores do Norte;Manaus;sxUnQu;12/02/2025 00:00;667;Gs28jV;585344;DirectOrder;POS;Atque neque quaerat ullam nisi facere vitae.;True;5922;False;SCHEDULED;TAKEOUT;99FOOD;;DISPATCHED;30;1282;48,75;3.1;12/02/2025 02:00;v2.0.0
307;MN55D3;Delivery do Centro;Rio de Janeiro;strJRK;03/03/2025 00:00;992;jQ33Lb;215297;DirectOrder;POS;Ullam consequuntur non.;False;5775;False;SCHEDULED;TAKEOUT;EPADOCA;;PENDING;30;1170;67,67;3.1;03/03/2025 02:00;v2.0.0
308;MN55D3;Delivery do Centro;Rio de Janeiro;uWdHqG;11/02/2025 00:00;403;cF35Pf;136368;DirectOrder;POS;Dolor dolorem accusantium quaerat quia neque officia.;False;2865;False;IMMEDIATE;TAKEOUT;EPADOCA;;DISPATCHED;26;926;82,14;3.7;11/02/2025 02:00;v2.0.0
309;ER35J8;Pizza do Porto;Porto Alegre;xoiuAG;24/01/2025 00:00;976;tG54Jt;912630;DirectOrder;POS;Optio nihil dolores harum.;False;4434;False;SCHEDULED;INDOOR;EPADOCA;;CONCLUDED;29;1527;76,76;4.3;24/01/2025 02:00;v2.0.0
310;ZP930B;Boteco Paulista;Sao Paulo;QnDMGP;15/04/2025 00:00;690;tu26aV;667289;DirectOrder;POS;Tenetur excepturi illum sit ducimus magnam.;False;3280;False;SCHEDULED;DELIVERY;99FOOD;;DISPATCHED;24;1525;71,61;3.1;15/04/2025 02:00;v2.0.0
311;AJ81E4;Cantina Horizonte;Belo Horizonte;TXIXOL;26/03/2025 00:00;387;zo99dN;984636;DirectOrder;POS;Rem perspiciatis voluptate sapiente adipisci.;True;8357;False;SCHEDULED;TAKEOUT;APP;;CONCLUDED;22;997;41,93;3.5;26/03/2025 02:00;v2.0.0
312;CP53G6;Emporio Serra Verde;Curitiba;tmRtxZ;10/03/2025 00:00;709;EW79kK;395914;DirectOrder;POS;Ut quam dolores placeat dicta autem.;False;9907;False;IMMEDIATE;INDOOR;WEB;;PENDING;24;1046;86,55;4.1;10/03/2025 02:00;v2.0.0
313;ER35J8;Pizza do Porto;Porto Alegre;bTAkRH;18/03/2025 00:00;788;oq38NB;351240;DirectOrder;POS;Labore totam quasi incidunt quia.;True;6816;False;IMMEDIATE;TAKEOUT;EPADOCA;;CONCLUDED;37;1366;81,28;3.3;18/03/2025 02:00;v2.0.0
314;FS26K9;Casa do Chef Recife;Recife;NueYHG;06/01/2025 00:00;663;PY14jV;569335;DirectOrder;POS;Non vero adipisci necessitatibus.;False;6432;False;SCHEDULED;DELIVERY;WEB;;CONCLUDED;41;958;53,85;4.0;06/01/2025 02:00;v2.0.0
315;LXK0A1;Cantina Liberdade;Sao Paulo;jPPSQQ;13/01/2025 00:00;532;Kh95uX;616112;DirectOrder;POS;Ut ipsam labore neque repudiandae officia in.;True;8303;False;SCHEDULED;INDOOR;APP;;CONCLUDED;24;1188;54,64;3.4;13/01/2025 02:00;v2.0.0
316;DQ44H7;Sabores do Norte;Manaus;PLfdIQ;09/04/2025 00:00;155;fQ89OB;229993;DirectOrder;POS;Soluta expedita qui magnam quibusdam adipisci ea.;False;1402;False;SCHEDULED;DELIVERY;WHATSAPP;;CANCELED;29;1015;68,23;3.0;09/04/2025 02:00;v2.0.0
317;AJ81E4;Cantina Horizonte;Belo Horizonte;YkjYgX;23/02/2025 00:00;852;NF65yy;330209;DirectOrder;POS;Tempore incidunt aut exercitationem quasi non iste necessitatibus.;True;6707;False;SCHEDULED;INDOOR;WHATSAPP;;CONCLUDED;25;1019;46,37;3.2;23/02/2025 02:00;v2.0.0
318;DQ44H7;Sabores do Norte;Manaus;MmJKFy;11/04/2025 00:00;488;Em54Wv;739149;DirectOrder;POS;Minus nihil ipsum quisquam.;True;8178;False;SCHEDULED;INDOOR;WEB;;CONCLUDED;32;1321;53,79;3.3;11/04/2025 02:00;v2.0.0
319;ZP930B;Boteco Paulista;Sao Paulo;OGXTHL;08/02/2025 00:00;24;Aw00uH;263015;DirectOrder;POS;Ut voluptatem quis quas.;False;2791;False;IMMEDIATE;TAKEOUT;APP;;CANCELED;27;1228;44,19;3.1;08/02/2025 02:00;v2.0.0
320;MN55D3;Delivery do Centro;Rio de Janeiro;XUlnsw;08/03/2025 00:00;574;Hh48Er;718791;DirectOrder;POS;Labore fugiat saepe dignissimos expedita iste quo.;False;8570;False;IMMEDIATE;INDOOR;WEB;;CONCLUDED;31;1138;99,22;3.2;08/03/2025 02:00;v2.0.0
321;QW77C2;Padaria Vila Nova;Campinas;iDTvdU;24/01/2025 00:00;30;pT95yg;891646;DirectOrder;POS;Facilis voluptatum alias.;True;8365;False;SCHEDULED;INDOOR;EPADOCA;;CONCLUDED;20;1391;31,75;3.8;24/01/2025 02:00;v2.0.0
322;LXK0A1;Cantina Liberdade;Sao Paulo;UbPNPK;01/04/2025 00:00;721;cn72zs;809742;DirectOrder;POS;Ipsum quidem repellendus quia voluptate atque.;True;2667;False;IMMEDIATE;INDOOR;APP;;CONCLUDED;17;1301;36,06;3.0;01/04/2025 02:00;v2.0.0
323;BV62F5;Restaurante Mar Azul;Salvador;MdJiCU;26/01/2025 00:00;884;Dx17gv;850276;DirectOrder;POS;Provident eaque pariatur fugiat debitis nobis earum ab.;False;9646;False;SCHEDULED;TAKEOUT;99FOOD;;CONCLUDED;40;1698;72,13;3.5;26/01/2025 02:00;v2.0.0
324;CP53G6;Emporio Serra Verde;Curitiba;DOqtNC;20/03/2025 00:00;361;dO59Cr;940252;DirectOrder;POS;Rerum natus ex explicabo ea fuga.;False;3826;False;SCHEDULED;TAKEOUT;WEB;;CONCLUDED;24;1180;97,89;4.5;20/03/2025 02:00;v2.0.0
325;FS26K9;Casa do Chef Recife;Recife;ccrocj;11/01/2025 00:00;245;go08xC;896586;DirectOrder;POS;Corrupti ad hic reprehenderit repellendus.;False;2916;False;IMMEDIATE;INDOOR;EPADOCA;;CONCLUDED;34;1264;97,90;3.8;11/01/2025 02:00;v2.0.0
326;QW77C2;Padaria Vila Nova;Campinas;nqMHch;07/03/2025 00:00;589;MD38eB;586736;DirectOrder;POS;Natus ducimus quis.;False;7931;False;IMMEDIATE;INDOOR;EPADOCA;;CONCLUDED;17;1048;30,00;4.0;07/03/2025 02:00;v2.0.0
327;ER35J8;Pizza do Porto;Porto Alegre;eyXqXh;30/03/2025 00:00;178;mS29Uf;480438;DirectOrder;POS;Quos quidem quasi facere soluta porro quasi.;True;9022;False;SCHEDULED;DELIVERY;WHATSAPP;;PENDING;35;1198;85,53;3.5;30/03/2025 02:00;v2.0.0
328;QW77C2;Padaria Vila Nova;Campinas;vnsIck;10/02/2025 00:00;887;PJ81pd;660453;DirectOrder;POS;Consequuntur ad sit officiis veniam officiis.;False;1157;False;SCHEDULED;DELIVERY;99FOOD;;CONCLUDED;17;1363;37,06;3.9;10/02/2025 02:00;v2.0.0
329;MN55D3;Delivery do Centro;Rio de Janeiro;huWegc;15/04/2025 00:00;669;wR84ie;355769;DirectOrder;POS;Pariatur explicabo vero culpa harum.;False;7703;False;SCHEDULED;INDOOR;EPADOCA;;CONCLUDED;30;937;87,52;3.2;15/04/2025 02:00;v2.0.0
330;DQ44H7;Sabores do Norte;Manaus;OAasiU;04/03/2025 00:00;815;NI46td;817926;DirectOrder;POS;Tenetur ea provident.;True;5785;False;IMMEDIATE;INDOOR;WEB;;CONCLUDED;23;1162;50,11;2.9;04/03/2025 02:00;v2.0.0
331;MN55D3;Delivery do Centro;Rio de Janeiro;siopqB;10/03/2025 00:00;580;Uu61ca;015284;DirectOrder;POS;Ea natus dignissimos voluptatibus ad pariatur nesciunt.;False;9369;False;IMMEDIATE;TAKEOUT;EPADOCA;;DISPATCHED;29;1297;70,71;3.2;10/03/2025 02:00;v2.0.0
332;ZP930B;Boteco Paulista;Sao Paulo;KnDopT;04/02/2025 00:00;376;cu14ZA;998416;DirectOrder;POS;Similique laborum quis consectetur aspernatur magnam maiores.;True;8231;False;IMMEDIATE;INDOOR;99FOOD;;DISPATCHED;17;1171;55,64;2.9;04/02/2025 02:00;v2.0.0
333;ZP930B;Boteco Paulista;Sao Paulo;bfdyLy;05/04/2025 00:00;305;Ce38tt;944068;DirectOrder;POS;Architecto quod nihil.;True;8368;False;SCHEDULED;INDOOR;99FOOD;;DISPATCHED;28;1443;43,02;3.3;05/04/2025 02:00;v2.0.0
334;ZP930B;Boteco Paulista;Sao Paulo;yHGpLS;26/02/2025 00:00;832;HD49VC;440625;DirectOrder;POS;Hic ut ducimus suscipit a.;True;4438;False;SCHEDULED;TAKEOUT;WHATSAPP;;CONCLUDED;22;1132;52,89;3.6;26/02/2025 02:00;v2.0.0
335;FS26K9;Casa do Chef Recife;Recife;DvjJuU;22/03/2025 00:00;804;BM61Ia;420221;DirectOrder;POS;Reiciendis quo quidem consequatur autem.;True;4390;False;IMMEDIATE;TAKEOUT;WEB;;CONCLUDED;30;1234;74,73;3.8;22/03/2025 02:00;v2.0.0
336;BV62F5;Restaurante Mar Azul;Salvador;KQgAfc;10/03/2025 00:00;332;XX79cV;099210;DirectOrder;POS;Dignissimos nam corporis repellat quam.;False;5740;False;SCHEDULED;TAKEOUT;WEB;;CONCLUDED;41;1438;92,60;4.0;10/03/2025 02:00;v2.0.0
337;ZP930B;Boteco Paulista;Sao Paulo;kfaRQF;18/01/2025 00:00;941;gP86cy;147083;DirectOrder;POS;Adipisci unde nam veniam quo repudiandae exercitationem.;True;5543;False;IMMEDIATE;TAKEOUT;WHATSAPP;;DISPATCHED;10;1386;64,40;2.9;18/01/2025 02:00;v2.0.0
338;QW77C2;Padaria Vila Nova;Campinas;DgauZp;01/02/2025 00:00;254;pL98pM;082125;DirectOrder;POS;Optio voluptatum omnis voluptates tempore non.;False;9019;False;IMMEDIATE;TAKEOUT;WEB;;CONCLUDED;13;839;30,00;3.7;01/02/2025 02:00;v2.0.0
339;AJ81E4;Cantina Horizonte;Belo Horizonte;FbQonu;22/03/2025 00:00;649;yT24bM;833304;DirectOrder;POS;Recusandae quam quos a.;True;7600;False;SCHEDULED;TAKEOUT;APP;;CONCLUDED;23;681;49,39;3.8;22/03/2025 02:00;v2.0.0
340;BV62F5;Restaurante Mar Azul;Salvador;tuNTkl;28/02/2025 00:00;3;js91Kh;756938;DirectOrder;POS;Praesentium similique id qui consequatur quas laborum consequatur.;True;8511;False;SCHEDULED;DELIVERY;WHATSAPP;;CONCLUDED;26;1236;81,15;4.1;28/02/2025 02:00;v2.0.0
341;ER35J8;Pizza do Porto;Porto Alegre;sDpehx;20/02/2025 00:00;217;wC12up;688395;DirectOrder;POS;Eos nihil vitae officiis animi praesentium.;False;5399;False;SCHEDULED;INDOOR;APP;;CONCLUDED;35;1005;77,79;3.8;20/02/2025 02:00;v2.0.0
342;BV62F5;Restaurante Mar Azul;Salvador;padhTt;12/03/2025 00:00;497;Yz92pX;375599;DirectOrder;POS;Molestiae qui incidunt esse quibusdam molestiae.;False;1793;False;IMMEDIATE;DELIVERY;99FOOD;;CONCLUDED;37;1013;100,00;4.0;12/03/2025 02:00;v2.0.0
343;DQ44H7;Sabores do Norte;Manaus;ofNIMb;03/01/2025 00:00;452;FC72GX;067969;DirectOrder;POS;Magnam delectus saepe cupiditate quidem molestias unde.;False;1011;False;SCHEDULED;DELIVERY;APP;;DISPATCHED;26;1542;57,05;2.9;03/01/2025 02:00;v2.0.0
344;QW77C2;Padaria Vila Nova;Campinas;lcQumT;23/04/2025 00:00;956;dG93eZ;212443;DirectOrder;POS;Voluptatum quaerat rem modi rem quaerat non.;False;2529;False;SCHEDULED;INDOOR;EPADOCA;;CONCLUDED;23;1158;30,00;3.4;23/04/2025 02:00;v2.0.0
345;ZP930B;Boteco Paulista;Sao Paulo;eMDTAA;17/02/2025 00:00;54;Om77HX;644238;DirectOrder;POS;Quo necessitatibus dicta molestiae.;False;6005;False;IMMEDIATE;INDOOR;EPADOCA;;CONCLUDED;19;1565;48,38;3.5;17/02/2025 02:00;v2.0.0
346;ZP930B;Boteco Paulista;Sao Paulo;dqopdt;01/04/2025 00:00;80;Wm55xH;787456;DirectOrder;POS;Recusandae culpa fuga rerum nulla molestias enim.;True;4705;False;SCHEDULED;DELIVERY;APP;;CONCLUDED;31;1078;61,71;3.1;01/04/2025 02:00;v2.0.0
347;LXK0A1;Cantina Liberdade;Sao Paulo;eJmsrE;31/03/2025 00:00;881;nz75Sh;502421;DirectOrder;POS;Vitae reprehenderit ipsa molestias.;False;3165;False;SCHEDULED;DELIVERY;APP;;CONCLUDED;35;1512;47,61;3.4;31/03/2025 02:00;v2.0.0
348;MN55D3;Delivery do Centro;Rio de Janeiro;uZbNMc;19/02/2025 00:00;106;OP75MF;284597;DirectOrder;POS;Harum quidem sunt cumque natus labore.;False;7022;False;SCHEDULED;DELIVERY;APP;;DISPATCHED;32;1064;70,40;2.9;19/02/2025 02:00;v2.0.0
349;CP53G6;Emporio Serra Verde;Curitiba;MHeeSb;10/04/2025 00:00;657;Mo32Qj;043517;DirectOrder;POS;Expedita repellat in exercitationem odit.;True;2120;False;IMMEDIATE;TAKEOUT;99FOOD;;DISPATCHED;22;1236;100,00;4.4;10/04/2025 02:00;v2.0.0
350;QW77C2;Padaria Vila Nova;Campinas;qImqXH;26/02/2025 00:00;767;fd18IB;449465;DirectOrder;POS;Provident vero dolore expedita sunt.;True;7745;False;SCHEDULED;DELIVERY;EPADOCA;;CONCLUDED;22;1068;30,00;3.6;26/02/2025 02:00;v2.0.0
351;ZP930B;Boteco Paulista;Sao Paulo;qfRdpe;25/04/2025 00:00;604;Zl46cx;484642;DirectOrder;POS;Atque fuga accusamus molestias recusandae molestiae ipsum tempore.;False;6759;False;SCHEDULED;INDOOR;APP;;DISPATCHED;27;1343;44,64;3.3;25/04/2025 02:00;v2.0.0
352;QW77C2;Padaria Vila Nova;Campinas;LKJWnD;01/02/2025 00:00;567;VT92zj;320345;DirectOrder;POS;Dolorum ut magnam consequuntur cupiditate amet numquam.;False;1439;False;SCHEDULED;DELIVERY;WEB;;CONCLUDED;12;1500;36,56;3.6;01/02/2025 02:00;v2.0.0
353;ER35J8;Pizza do Porto;Porto Alegre;YSuHdP;19/03/2025 00:00;303;QN01lM;713037;DirectOrder;POS;Nisi nemo accusantium quidem provident cupiditate illum voluptate.;True;4921;False;SCHEDULED;INDOOR;WEB;;CANCELED;44;1311;73,47;3.6;19/03/2025 02:00;v2.0.0
354;ZP930B;Boteco Paulista;Sao Paulo;ePtcLZ;31/01/2025 00:00;541;ak22Og;063159;DirectOrder;POS;Adipisci nam accusamus.;True;6916;False;SCHEDULED;DELIVERY;WEB;;CONCLUDED;19;1385;59,51;3.7;31/01/2025 02:00;v2.0.0
355;CP53G6;Emporio Serra Verde;Curitiba;ppEBjp;21/04/2025 00:00;560;OI90hV;083612;DirectOrder;POS;Aut ipsam voluptatem expedita cum quia esse.;True;8717;False;IMMEDIATE;DELIVERY;99FOOD;;CONCLUDED;31;1301;99,01;4.5;21/04/2025 02:00;v2.0.0
356;FS26K9;Casa do Chef Recife;Recife;fBhniP;09/01/2025 00:00;945;sA39GR;561834;DirectOrder;POS;Molestias in sunt odit doloribus consequatur nemo.;True;7520;False;SCHEDULED;TAKEOUT;APP;;CONCLUDED;30;1032;92,14;4.2;09/01/2025 02:00;v2.0.0
357;ER35J8;Pizza do Porto;Porto Alegre;fDyHBq;09/04/2025 00:00;85;yU27UE;068031;DirectOrder;POS;Voluptates saepe repellat dolorem sit.;True;5546;False;IMMEDIATE;INDOOR;APP;;CANCELED;49;979;63,33;3.2;09/04/2025 02:00;v2.0.0
358;ZP930B;Boteco Paulista;Sao Paulo;XcMLbQ;07/03/2025 00:00;160;pP02St;838849;DirectOrder;POS;Ab repudiandae sit reprehenderit.;False;7401;False;IMMEDIATE;INDOOR;WHATSAPP;;PENDING;23;1363;52,81;3.1;07/03/2025 02:00;v2.0.0
359;CP53G6;Emporio Serra Verde;Curitiba;JsZCSB;04/04/2025 00:00;251;dG23AR;730276;DirectOrder;POS;Mollitia repellendus delectus culpa labore perferendis beatae.;True;8118;False;IMMEDIATE;INDOOR;WHATSAPP;;CONCLUDED;23;1256;100,00;4.3;04/04/2025 02:00;v2.0.0
360;FS26K9;Casa do Chef Recife;Recife;MBJqPi;19/03/2025 00:00;674;QA86Qd;141832;DirectOrder;POS;Consequatur iusto culpa inventore et tenetur assumenda.;True;2956;False;IMMEDIATE;TAKEOUT;APP;;CANCELED;36;1346;80,24;4.3;19/03/2025 02:00;v2.0.0
361;QW77C2;Padaria Vila Nova;Campinas;TdfjOO;31/03/2025 00:00;356;ZW44qg;381425;DirectOrder;POS;Omnis itaque itaque est exercitationem nesciunt quam earum.;False;3735;False;SCHEDULED;DELIVERY;APP;;CONCLUDED;18;940;34,70;4.1;31/03/2025 02:00;v2.0.0
362;AJ81E4;Cantina Horizonte;Belo Horizonte;GoPqMg;04/04/2025 00:00;31;tz51Pi;931683;DirectOrder;POS;Harum saepe laborum impedit quos minus nobis dignissimos.;False;8034;False;SCHEDULED;TAKEOUT;WHATSAPP;;DISPATCHED;23;1317;48,24;3.4;04/04/2025 02:00;v2.0.0
363;ZP930B;Boteco Paulista;Sao Paulo;UBsGTi;03/02/2025 00:00;79;Dh89Df;266517;DirectOrder;POS;Alias atque sed ducimus harum.;False;8457;False;SCHEDULED;DELIVERY;EPADOCA;;CONCLUDED;23;1540;67,26;3.2;03/02/2025 02:00;v2.0.0
364;DQ44H7;Sabores do Norte;Manaus;LNVxKm;20/04/2025 00:00;262;hL56sa;332827;DirectOrder;POS;Repudiandae autem eaque beatae dolorem.;True;2889;False;IMMEDIATE;TAKEOUT;99FOOD;;CONCLUDED;30;847;64,69;3.7;20/04/2025 02:00;v2.0.0
365;ER35J8;Pizza do Porto;Porto Alegre;VoxOWX;01/01/2025 00:00;251;PS42eG;746884;DirectOrder;POS;Officia esse est harum.;True;8729;False;SCHEDULED;INDOOR;APP;;DISPATCHED;44;1334;88,58;3.8;01/01/2025 02:00;v2.0.0
366;QW77C2;Padaria Vila Nova;Campinas;luDcUh;23/01/2025 00:00;567;Js67CY;951955;DirectOrder;POS;Eum ipsa perspiciatis eaque culpa quisquam aperiam.;False;4678;False;SCHEDULED;DELIVERY;WHATSAPP;;DISPATCHED;17;1029;30,23;3.5;23/01/2025 02:00;v2.0.0
367;CP53G6;Emporio Serra Verde;Curitiba;elnUII;28/04/2025 00:00;80;Lx50Tl;177793;DirectOrder;POS;Ducimus quibusdam aspernatur quasi voluptatem.;False;2956;False;IMMEDIATE;DELIVERY;99FOOD;;CONCLUDED;32;1278;87,76;4.5;28/04/2025 02:00;v2.0.0
368;MN55D3;Delivery do Centro;Rio de Janeiro;dcgiNS;13/04/2025 00:00;411;zW10WA;789870;DirectOrder;POS;Nam consequuntur occaecati porro cum totam ea totam.;True;8620;False;SCHEDULED;INDOOR;99FOOD;;CONCLUDED;37;1078;54,93;3.2;13/04/2025 02:00;v2.0.0
369;BV62F5;Restaurante Mar Azul;Salvador;QrwiCH;12/01/2025 00:00;206;yT34vc;836813;DirectOrder;POS;Quo voluptate praesentium repellat.;False;5979;False;IMMEDIATE;INDOOR;99FOOD;;CONCLUDED;32;1329;87,83;4.0;12/01/2025 02:00;v2.0.0
370;BV62F5;Restaurante Mar Azul;Salvador;MJNVDh;17/03/2025 00:00;795;fR33vy;767505;DirectOrder;POS;Cupiditate repellendus natus et totam natus.;True;9954;False;IMMEDIATE;DELIVERY;WHATSAPP;;PENDING;31;1112;88,04;4.1;17/03/2025 02:00;v2.0.0
371;LXK0A1;Cantina Liberdade;Sao Paulo;sGhyai;30/04/2025 00:00;355;Cd16VE;424499;DirectOrder;POS;Vitae impedit fuga culpa.;True;6488;False;IMMEDIATE;TAKEOUT;APP;;CONCLUDED;37;1120;47,46;3.2;30/04/2025 02:00;v2.0.0
372;CP53G6;Emporio Serra Verde;Curitiba;myCKcj;19/04/2025 00:00;211;bp89Oj;765191;DirectOrder;POS;Ex facilis voluptatibus dolorem nisi.;True;7878;False;SCHEDULED;DELIVERY;99FOOD;;CONCLUDED;17;847;100,00;4.5;19/04/2025 02:00;v2.0.0
373;QW77C2;Padaria Vila Nova;Campinas;LzpuMh;02/04/2025 00:00;238;dC65aV;550439;DirectOrder;POS;Aperiam quam expedita odio.;False;7102;False;SCHEDULED;TAKEOUT;WEB;;CONCLUDED;16;1711;30,00;4.1;02/04/2025 02:00;v2.0.0
374;ZP930B;Boteco Paulista;Sao Paulo;OkzBGQ;16/03/2025 00:00;840;Nj72zY;332864;DirectOrder;POS;Vel tenetur sapiente tempore doloremque fuga.;False;2226;False;IMMEDIATE;INDOOR;APP;;CONCLUDED;28;1601;49,41;3.2;16/03/2025 02:00;v2.0.0
375;QW77C2;Padaria Vila Nova;Campinas;hsutCW;31/01/2025 00:00;949;eY89lP;594929;DirectOrder;POS;Doloribus ipsa fugiat animi in.;False;6345;False;SCHEDULED;INDOOR;EPADOCA;;DISPATCHED;21;1318;42,50;4.1;31/01/2025 02:00;v2.0.0
376;AJ81E4;Cantina Horizonte;Belo Horizonte;asQhfg;30/01/2025 00:00;799;WK30JV;361767;DirectOrder;POS;Molestias eveniet voluptates praesentium officiis iure nulla tempora.;True;3546;False;IMMEDIATE;DELIVERY;APP;;CONCLUDED;21;1199;51,30;3.5;30/01/2025 02:00;v2.0.0
377;DQ44H7;Sabores do Norte;Manaus;eGbpCU;01/03/2025 00:00;367;UE10AP;312000;DirectOrder;POS;Exercitationem provident qui ex repudiandae minima.;True;8404;False;SCHEDULED;INDOOR;EPADOCA;;CONCLUDED;30;1391;60,10;2.9;01/03/2025 02:00;v2.0.0
378;AJ81E4;Cantina Horizonte;Belo Horizonte;QZuthP;20/04/2025 00:00;703;iv48NJ;057250;DirectOrder;POS;Autem molestias doloremque nulla omnis architecto.;False;1660;False;IMMEDIATE;INDOOR;APP;;CONCLUDED;20;1161;45,72;4.0;20/04/2025 02:00;v2.0.0
379;QW77C2;Padaria Vila Nova;Campinas;YczJxk;12/01/2025 00:00;406;Ks28Yw;587525;DirectOrder;POS;Molestias odio dignissimos facilis laudantium veniam ipsam.;True;5896;False;SCHEDULED;DELIVERY;EPADOCA;;PENDING;17;1175;30,00;3.3;12/01/2025 02:00;v2.0.0
380;LXK0A1;Cantina Liberdade;Sao Paulo;WflHQM;21/02/2025 00:00;564;NQ94vc;667606;DirectOrder;POS;Quidem assumenda enim soluta dolorem repellendus quisquam.;True;2551;False;SCHEDULED;DELIVERY;99FOOD;;CONCLUDED;22;1570;53,44;3.5;21/02/2025 02:00;v2.0.0
381;QW77C2;Padaria Vila Nova;Campinas;wGjkJb;16/01/2025 00:00;228;uQ79az;489168;DirectOrder;POS;Dolores necessitatibus non magni unde facere aliquam.;True;4246;False;SCHEDULED;INDOOR;APP;;DISPATCHED;17;1008;37,81;3.9;16/01/2025 02:00;v2.0.0
382;ZP930B;Boteco Paulista;Sao Paulo;PXAenI;16/03/2025 00:00;77;tL86mI;450583;DirectOrder;POS;Assumenda delectus autem incidunt.;True;2056;False;IMMEDIATE;TAKEOUT;EPADOCA;;PENDING;30;1508;51,32;3.5;16/03/2025 02:00;v2.0.0
383;DQ44H7;Sabores do Norte;Manaus;jPIRTI;14/04/2025 00:00;850;UE02dU;833318;DirectOrder;POS;Animi pariatur voluptatibus sint dignissimos.;False;3007;False;IMMEDIATE;INDOOR;APP;;PENDING;27;846;56,54;2.9;14/04/2025 02:00;v2.0.0
384;LXK0A1;Cantina Liberdade;Sao Paulo;YWzBkM;22/01/2025 00:00;742;Ya73mi;024576;DirectOrder;POS;Ipsum rerum in commodi sed pariatur quo.;False;9128;False;IMMEDIATE;INDOOR;WHATSAPP;;CONCLUDED;25;881;44,44;3.3;22/01/2025 02:00;v2.0.0
385;CP53G6;Emporio Serra Verde;Curitiba;XeTkmi;23/01/2025 00:00;282;VS81Xa;388801;DirectOrder;POS;Et necessitatibus numquam fugit at non fugiat.;False;8307;False;IMMEDIATE;DELIVERY;WEB;;PENDING;18;625;100,00;4.3;23/01/2025 02:00;v2.0.0
386;FS26K9;Casa do Chef Recife;Recife;XovdUP;21/03/2025 00:00;511;it11lm;181905;DirectOrder;POS;Veritatis repellendus voluptas nam corrupti voluptates dolore.;False;8848;False;IMMEDIATE;DELIVERY;EPADOCA;;CONCLUDED;43;1108;83,58;4.3;21/03/2025 02:00;v2.0.0
387;AJ81E4;Cantina Horizonte;Belo Horizonte;oLrGEF;19/02/2025 00:00;906;OT72IP;773655;DirectOrder;POS;Eaque nobis cumque rem fugit id.;True;9907;False;IMMEDIATE;INDOOR;APP;;CONCLUDED;20;1260;40,12;3.7;19/02/2025 02:00;v2.0.0
388;BV62F5;Restaurante Mar Azul;Salvador;rSTTYA;03/03/2025 00:00;935;gO27kT;293516;DirectOrder;POS;Velit eligendi culpa consectetur libero perferendis asperiores.;False;7363;False;SCHEDULED;DELIVERY;99FOOD;;CONCLUDED;37;1159;100,00;4.3;03/03/2025 02:00;v2.0.0
389;LXK0A1;Cantina Liberdade;Sao Paulo;rqQTVp;10/02/2025 00:00;831;GG06wP;879112;DirectOrder;POS;Ea beatae explicabo voluptas optio ipsum ducimus error.;False;1959;False;SCHEDULED;TAKEOUT;EPADOCA;;CONCLUDED;26;1273;35,36;3.1;10/02/2025 02:00;v2.0.0
390;BV62F5;Restaurante Mar Azul;Salvador;dXOyAj;09/04/2025 00:00;164;KC01cS;252759;DirectOrder;POS;Fuga voluptate incidunt.;True;5060;False;IMMEDIATE;INDOOR;99FOOD;;CONCLUDED;49;1145;100,00;3.8;09/04/2025 02:00;v2.0.0
391;ER35J8;Pizza do Porto;Porto Alegre;jCVDYU;15/04/2025 00:00;783;UI49JR;201873;DirectOrder;POS;Facere facilis quod a repudiandae.;True;7363;False;SCHEDULED;DELIVERY;99FOOD;;CANCELED;18;1376;77,70;3.5;15/04/2025 02:00;v2.0.0
392;QW77C2;Padaria Vila Nova;Campinas;jdQJaU;31/01/2025 00:00;715;vz24sj;474728;DirectOrder;POS;Veniam recusandae consectetur ea quisquam.;False;1462;False;SCHEDULED;TAKEOUT;EPADOCA;;DISPATCHED;18;1303;35,11;3.7;31/01/2025 02:00;v2.0.0
393;FS26K9;Casa do Chef Recife;Recife;ZkQpVG;19/01/2025 00:00;830;IG48ZH;008912;DirectOrder;POS;Voluptatum facilis aperiam expedita.;False;9882;False;SCHEDULED;DELIVERY;WEB;;CONCLUDED;38;949;60,37;3.8;19/01/2025 02:00;v2.0.0
394;DQ44H7;Sabores do Norte;Manaus;DuYNBc;05/01/2025 00:00;225;Fb91gd;970126;DirectOrder;POS;Laboriosam magni sit voluptatem inventore.;True;9625;False;SCHEDULED;DELIVERY;APP;;CONCLUDED;29;1192;65,28;2.9;05/01/2025 02:00;v2.0.0
395;BV62F5;Restaurante Mar Azul;Salvador;FTiFXp;28/04/2025 00:00;349;iB61YB;860971;DirectOrder;POS;At mollitia hic alias.;True;6301;False;IMMEDIATE;DELIVERY;99FOOD;;DISPATCHED;32;1037;63,83;4.3;28/04/2025 02:00;v2.0.0
396;QW77C2;Padaria Vila Nova;Campinas;bROSEp;17/03/2025 00:00;114;Fz91EB;483748;DirectOrder;POS;Neque voluptatum velit nisi veniam ipsa culpa nobis.;False;2188;False;SCHEDULED;TAKEOUT;EPADOCA;;CONCLUDED;14;1212;32,12;4.1;17/03/2025 02:00;v2.0.0
397;CP53G6;Emporio Serra Verde;Curitiba;DJqdmA;17/03/2025 00:00;140;Ii46Em;231832;DirectOrder;POS;Quos id asperiores nemo voluptas illo.;True;8157;False;SCHEDULED;TAKEOUT;APP;;CONCLUDED;24;1126;100,00;4.5;17/03/2025 02:00;v2.0.0
398;BV62F5;Restaurante Mar Azul;Salvador;SDBzQz;23/01/2025 00:00;911;Co05bJ;656858;DirectOrder;POS;Doloremque enim tenetur error facilis temporibus omnis.;False;4657;False;IMMEDIATE;INDOOR;99FOOD;;CONCLUDED;29;615;76,59;4.0;23/01/2025 02:00;v2.0.0
399;AJ81E4;Cantina Horizonte;Belo Horizonte;zbKUeX;04/04/2025 00:00;747;zU00Nq;822954;DirectOrder;POS;Necessitatibus voluptates quae incidunt dolorum consequatur.;True;7415;False;IMMEDIATE;DELIVERY;EPADOCA;;CONCLUDED;13;998;48,54;3.8;04/04/2025 02:00;v2.0.0
400;FS26K9;Casa do Chef Recife;Recife;fNPfpK;10/02/2025 00:00;227;om65bw;852492;DirectOrder;POS;Occaecati consequuntur expedita provident eum.;True;9129;False;IMMEDIATE;INDOOR;WHATSAPP;;PENDING;33;1054;93,36;4.4;10/02/2025 02:00;v2.0.0
401;ZP930B;Boteco Paulista;Sao Paulo;dxOMtz;31/01/2025 00:00;652;uc34LI;267425;DirectOrder;POS;Officiis vel accusantium corporis error vel.;True;6500;False;SCHEDULED;DELIVERY;WEB;;CONCLUDED;19;1040;53,19;3.5;31/01/2025 02:00;v2.0.0
402;AJ81E4;Cantina Horizonte;Belo Horizonte;puQMkL;27/01/2025 00:00;263;pv38hn;649571;DirectOrder;POS;Molestiae aspernatur velit asperiores sint saepe iusto.;True;1020;False;IMMEDIATE;INDOOR;APP;;CONCLUDED;26;1524;41,09;3.4;27/01/2025 02:00;v2.0.0
403;DQ44H7;Sabores do Norte;Manaus;GpJptY;04/04/2025 00:00;424;CK22FU;113776;DirectOrder;POS;Sed quidem nihil nam suscipit eligendi voluptatum.;False;7204;False;SCHEDULED;TAKEOUT;EPADOCA;;CONCLUDED;25;887;65,61;2.9;04/04/2025 02:00;v2.0.0
404;CP53G6;Emporio Serra Verde;Curitiba;qJwfod;13/01/2025 00:00;592;zw58EB;760693;DirectOrder;POS;Delectus autem expedita accusamus.;True;3664;False;SCHEDULED;DELIVERY;99FOOD;;DISPATCHED;23;1838;100,00;4.4;13/01/2025 02:00;v2.0.0
405;LXK0A1;Cantina Liberdade;Sao Paulo;WqaKGJ;07/02/2025 00:00;108;WX61CJ;741519;DirectOrder;POS;Alias deserunt repudiandae.;True;6600;False;IMMEDIATE;INDOOR;APP;;CONCLUDED;25;1429;44,26;3.1;07/02/2025 02:00;v2.0.0
406;QW77C2;Padaria Vila Nova;Campinas;iKCmoK;04/04/2025 00:00;96;AF13om;613196;DirectOrder;POS;Harum eligendi harum saepe harum eaque doloremque.;False;8909;False;IMMEDIATE;INDOOR;APP;;PENDING;21;1066;31,63;3.4;04/04/2025 02:00;v2.0.0
407;QW77C2;Padaria Vila Nova;Campinas;hhZFFc;19/03/2025 00:00;104;UQ12BJ;959454;DirectOrder;POS;Ab voluptatem quae magnam consequatur.;False;4367;False;IMMEDIATE;INDOOR;WHATSAPP;;CONCLUDED;16;1456;41,45;4.1;19/03/2025 02:00;v2.0.0
408;ER35J8;Pizza do Porto;Porto Alegre;CDIVfv;03/04/2025 00:00;677;cq21od;569746;DirectOrder;POS;Magnam recusandae architecto laborum repellat facere veniam.;False;5872;False;IMMEDIATE;DELIVERY;WHATSAPP;;CONCLUDED;38;1030;78,95;3.9;03/04/2025 02:00;v2.0.0
409;LXK0A1;Cantina Liberdade;Sao Paulo;vLQhXc;20/02/2025 00:00;158;Dw39kJ;792915;DirectOrder;POS;Modi nisi ad ipsam dicta vero commodi et.;True;6911;False;IMMEDIATE;INDOOR;EPADOCA;;DISPATCHED;26;1119;37,13;3.6;20/02/2025 02:00;v2.0.0
410;ZP930B;Boteco Paulista;Sao Paulo;zzsdPW;07/02/2025 00:00;492;tA85Vz;832591;DirectOrder;POS;Aperiam adipisci dolorem repudiandae aut veritatis quaerat dolores.;True;2589;False;IMMEDIATE;DELIVERY;99FOOD;;CONCLUDED;31;986;45,54;3.3;07/02/2025 02:00;v2.0.0
411;QW77C2;Padaria Vila Nova;Campinas;lVgLav;23/03/2025 00:00;865;oa78VR;261816;DirectOrder;POS;Voluptates distinctio omnis veniam sunt voluptatibus.;True;6052;False;SCHEDULED;INDOOR;EPADOCA;;CONCLUDED;17;1290;31,14;4.2;23/03/2025 02:00;v2.0.0
412;DQ44H7;Sabores do Norte;Manaus;BlsQNm;25/04/2025 00:00;558;Dl66he;094663;DirectOrder;POS;Tempora mollitia ea sint iste vero officiis.;False;4029;False;SCHEDULED;INDOOR;WHATSAPP;;CONCLUDED;25;1397;50,14;3.1;25/04/2025 02:00;v2.0.0
413;BV62F5;Restaurante Mar Azul;Salvador;aflpUH;24/01/2025 00:00;477;vw72Qz;814858;DirectOrder;POS;Nisi ratione quas deleniti molestiae reiciendis facilis.;False;4706;False;SCHEDULED;TAKEOUT;99FOOD;;CONCLUDED;42;1265;100,00;4.5;24/01/2025 02:00;v2.0.0
414;LXK0A1;Cantina Liberdade;Sao Paulo;uTScFj;20/01/2025 00:00;88;zO04XA;096973;DirectOrder;POS;Reprehenderit officiis eos illo sequi.;False;9871;False;SCHEDULED;TAKEOUT;99FOOD;;CANCELED;29;1140;43,47;3.2;20/01/2025 02:00;v2.0.0
415;MN55D3;Delivery do Centro;Rio de Janeiro;IzXapC;12/03/2025 00:00;536;Hd85su;288447;DirectOrder;POS;Ut repudiandae quidem est.;False;9773;False;SCHEDULED;TAKEOUT;APP;;CONCLUDED;23;1427;72,12;3.4;12/03/2025 02:00;v2.0.0
416;MN55D3;Delivery do Centro;Rio de Janeiro;fRzvaK;02/03/2025 00:00;875;Vk83pR;210334;DirectOrder;POS;Cumque modi consectetur vel earum.;True;9226;False;IMMEDIATE;DELIVERY;EPADOCA;;CONCLUDED;17;1078;86,60;3.1;02/03/2025 02:00;v2.0.0
417;DQ44H7;Sabores do Norte;Manaus;QKWpCa;23/01/2025 00:00;217;Yn49JS;116812;DirectOrder;POS;Ex nemo pariatur officiis placeat beatae voluptates.;True;3067;False;IMMEDIATE;INDOOR;WHATSAPP;;CONCLUDED;21;1099;76,47;3.0;23/01/2025 02:00;v2.0.0
418;ZP930B;Boteco Paulista;Sao Paulo;QUNJLY;29/03/2025 00:00;643;OR88QK;239193;DirectOrder;POS;Labore cum magni numquam dolor officiis consequatur.;True;5225;False;SCHEDULED;TAKEOUT;WEB;;PENDING;20;1126;63,32;3.3;29/03/2025 02:00;v2.0.0
419;ZP930B;Boteco Paulista;Sao Paulo;bfUNDx;12/01/2025 00:00;334;Or97Ib;225633;DirectOrder;POS;Iste cumque quam voluptas officia soluta temporibus.;False;9514;False;SCHEDULED;DELIVERY;WEB;;CONCLUDED;29;1135;51,12;3.0;12/01/2025 02:00;v2.0.0
420;FS26K9;Casa do Chef Recife;Recife;DDPeyu;17/03/2025 00:00;425;VK64Jh;592322;DirectOrder;POS;Fuga praesentium nam mollitia perspiciatis.;True;3428;False;IMMEDIATE;DELIVERY;WEB;;CONCLUDED;39;1113;100,00;4.3;17/03/2025 02:00;v2.0.0
421;FS26K9;Casa do Chef Recife;Recife;bZZJvB;10/04/2025 00:00;549;rm54ZZ;415882;DirectOrder;POS;Itaque commodi eligendi.;False;7732;False;SCHEDULED;INDOOR;APP;;CONCLUDED;27;1264;90,10;3.9;10/04/2025 02:00;v2.0.0
422;DQ44H7;Sabores do Norte;Manaus;ZzkMBz;15/03/2025 00:00;283;zv57rG;411090;DirectOrder;POS;Provident voluptatibus officia maxime adipisci.;False;3356;False;SCHEDULED;DELIVERY;WHATSAPP;;CONCLUDED;24;1240;48,84;3.3;15/03/2025 02:00;v2.0.0
423;CP53G6;Emporio Serra Verde;Curitiba;wWpNOC;24/04/2025 00:00;51;ro11yd;828346;DirectOrder;POS;Minima iure perferendis quia.;False;5400;False;SCHEDULED;DELIVERY;WHATSAPP;;CANCELED;26;1105;100,00;4.3;24/04/2025 02:00;v2.0.0
424;BV62F5;Restaurante Mar Azul;Salvador;dhnZHb;15/04/2025 00:00;864;DI86YH;360470;DirectOrder;POS;Soluta omnis exercitationem aut possimus atque.;False;2609;False;IMMEDIATE;DELIVERY;99FOOD;;CONCLUDED;38;1587;100,00;3.7;15/04/2025 02:00;v2.0.0
425;AJ81E4;Cantina Horizonte;Belo Horizonte;qRPKlE;06/04/2025 00:00;276;Eb00Ad;436441;DirectOrder;POS;Ad impedit accusantium doloribus ullam nesciunt.;False;2462;False;IMMEDIATE;INDOOR;WEB;;DISPATCHED;28;1235;36,90;3.4;06/04/2025 02:00;v2.0.0
426;MN55D3;Delivery do Centro;Rio de Janeiro;ChgVys;27/04/2025 00:00;778;GT64NB;725849;DirectOrder;POS;Eligendi suscipit deleniti magni amet veniam est possimus.;False;1920;False;IMMEDIATE;DELIVERY;99FOOD;;CANCELED;33;1421;74,42;3.2;27/04/2025 02:00;v2.0.0
427;AJ81E4;Cantina Horizonte;Belo Horizonte;CAOWLO;01/04/2025 00:00;872;TC52dh;479172;DirectOrder;POS;Reiciendis repellat excepturi voluptates.;True;3846;False;IMMEDIATE;DELIVERY;WEB;;CONCLUDED;29;1579;48,32;3.5;01/04/2025 02:00;v2.0.0
428;LXK0A1;Cantina Liberdade;Sao Paulo;FcUCDy;01/02/2025 00:00;370;HF75XO;092876;DirectOrder;POS;Molestiae fuga voluptatum rerum deserunt in distinctio occaecati.;True;5488;False;SCHEDULED;INDOOR;APP;;CONCLUDED;34;1175;41,00;3.1;01/02/2025 02:00;v2.0.0
429;ER35J8;Pizza do Porto;Porto Alegre;Lqhdme;20/02/2025 00:00;32;oX94jK;614075;DirectOrder;POS;Dignissimos natus repudiandae blanditiis nulla eveniet.;True;7102;False;SCHEDULED;TAKEOUT;EPADOCA;;CONCLUDED;31;1181;47,50;3.9;20/02/2025 02:00;v2.0.0
430;DQ44H7;Sabores do Norte;Manaus;UFCMMY;23/01/2025 00:00;565;bO29Bg;801021;DirectOrder;POS;Distinctio fugiat nesciunt aperiam assumenda debitis.;False;6640;False;IMMEDIATE;INDOOR;WHATSAPP;;CONCLUDED;30;1112;65,70;3.0;23/01/2025 02:00;v2.0.0
431;ZP930B;Boteco Paulista;Sao Paulo;TJmfRJ;06/02/2025 00:00;875;Rs26EV;697682;DirectOrder;POS;Aliquam modi magni nam iusto tempora commodi.;True;4626;False;IMMEDIATE;TAKEOUT;APP;;CONCLUDED;25;1323;60,08;3.1;06/02/2025 02:00;v2.0.0
432;MN55D3;Delivery do Centro;Rio de Janeiro;BVFzvU;04/02/2025 00:00;886;RY66Sr;426372;DirectOrder;POS;Optio provident assumenda ipsum recusandae reiciendis voluptate.;True;8767;False;IMMEDIATE;TAKEOUT;99FOOD;;CONCLUDED;26;1361;58,21;3.4;04/02/2025 02:00;v2.0.0
433;QW77C2;Padaria Vila Nova;Campinas;qyjNZV;18/03/2025 00:00;623;uR76QS;807559;DirectOrder;POS;Quia quae quos libero.;False;5511;False;SCHEDULED;INDOOR;99FOOD;;CONCLUDED;17;1130;33,05;4.3;18/03/2025 02:00;v2.0.0
434;BV62F5;Restaurante Mar Azul;Salvador;JVUwPP;28/02/2025 00:00;694;fu32NB;048422;DirectOrder;POS;Reprehenderit sint aut itaque tempore delectus.;False;2676;False;IMMEDIATE;TAKEOUT;WEB;;CONCLUDED;44;876;89,69;3.9;28/02/2025 02:00;v2.0.0
435;BV62F5;Restaurante Mar Azul;Salvador;TzLdxP;13/03/2025 00:00;306;QT15QG;115994;DirectOrder;POS;Expedita libero numquam perferendis ullam minima.;True;8892;False;IMMEDIATE;INDOOR;99FOOD;;CONCLUDED;45;1542;72,93;3.7;13/03/2025 02:00;v2.0.0
436;AJ81E4;Cantina Horizonte;Belo Horizonte;NjlyvL;23/03/2025 00:00;672;sd22Rg;835276;DirectOrder;POS;Quas omnis labore harum placeat sint soluta.;False;4086;False;IMMEDIATE;TAKEOUT;APP;;CONCLUDED;26;1432;44,15;3.6;23/03/2025 02:00;v2.0.0
437;MN55D3;Delivery do Centro;Rio de Janeiro;oKvQfE;26/04/2025 00:00;830;WB35oZ;619583;DirectOrder;POS;Fuga iste voluptatem perferendis odio a fugiat.;False;6236;False;IMMEDIATE;TAKEOUT;APP;;DISPATCHED;35;1300;58,32;3.2;26/04/2025 02:00;v2.0.0
438;LXK0A1;Cantina Liberdade;Sao Paulo;FoNeJW;25/03/2025 00:00;929;sN29oi;893663;DirectOrder;POS;Quibusdam ipsam rerum pariatur corporis.;False;7628;False;SCHEDULED;TAKEOUT;WEB;;CONCLUDED;12;1335;43,43;3.6;25/03/2025 02:00;v2.0.0
439;LXK0A1;Cantina Liberdade;Sao Paulo;OnXCuZ;16/03/2025 00:00;195;AT32Eq;870890;DirectOrder;POS;Cupiditate nemo quae.;False;4643;False;SCHEDULED;TAKEOUT;EPADOCA;;CONCLUDED;30;1474;37,06;2.9;16/03/2025 02:00;v2.0.0
440;BV62F5;Restaurante Mar Azul;Salvador;VmTLnB;06/03/2025 00:00;674;sh35xS;838694;DirectOrder;POS;Perspiciatis voluptas sapiente dolorum.;True;5813;False;IMMEDIATE;INDOOR;EPADOCA;;CONCLUDED;50;1462;87,77;4.2;06/03/2025 02:00;v2.0.0
441;QW77C2;Padaria Vila Nova;Campinas;aTcSsQ;05/04/2025 00:00;782;CS05ef;546340;DirectOrder;POS;Aperiam voluptas quo aperiam molestias id.;True;6499;False;IMMEDIATE;DELIVERY;WEB;;DISPATCHED;18;879;40,15;4.0;05/04/2025 02:00;v2.0.0
442;BV62F5;Restaurante Mar Azul;Salvador;WCvOIh;29/01/2025 00:00;808;Pp02mx;669588;DirectOrder;POS;Voluptates sit aut animi.;False;7089;False;SCHEDULED;TAKEOUT;99FOOD;;CONCLUDED;54;1164;86,01;3.8;29/01/2025 02:00;v2.0.0
443;AJ81E4;Cantina Horizonte;Belo Horizonte;UXKFyb;01/03/2025 00:00;888;Ru66Hy;366575;DirectOrder;POS;Est minus maxime repellendus recusandae ullam ad.;True;8736;False;IMMEDIATE;TAKEOUT;99FOOD;;CONCLUDED;26;1539;46,00;3.7;01/03/2025 02:00;v2.0.0
444;ZP930B;Boteco Paulista;Sao Paulo;AjnBpj;22/04/2025 00:00;424;wp44Qv;328829;DirectOrder;POS;Perferendis rerum assumenda suscipit tenetur iusto amet assumenda.;True;3470;False;IMMEDIATE;DELIVERY;EPADOCA;;CONCLUDED;18;935;48,84;3.2;22/04/2025 02:00;v2.0.0
445;BV62F5;Restaurante Mar Azul;Salvador;hkYAyV;22/02/2025 00:00;469;hq07uc;625552;DirectOrder;POS;Ut corrupti commodi tempore.;True;6183;False;IMMEDIATE;DELIVERY;WHATSAPP;;DISPATCHED;34;1061;80,09;4.0;22/02/2025 02:00;v2.0.0
446;DQ44H7;Sabores do Norte;Manaus;pmhacW;12/02/2025 00:00;650;aa42TR;479845;DirectOrder;POS;Architecto distinctio soluta nostrum animi.;True;1077;False;SCHEDULED;INDOOR;WHATSAPP;;CONCLUDED;18;1352;46,31;3.0;12/02/2025 02:00;v2.0.0
447;MN55D3;Delivery do Centro;Rio de Janeiro;fHtveo;08/04/2025 00:00;163;HY60rO;291006;DirectOrder;POS;Quisquam omnis beatae et voluptas at.;False;2442;False;IMMEDIATE;TAKEOUT;99FOOD;;CONCLUDED;28;1049;71,04;2.9;08/04/2025 02:00;v2.0.0
448;CP53G6;Emporio Serra Verde;Curitiba;yUJcnI;23/03/2025 00:00;489;eM59CI;816002;DirectOrder;POS;Aspernatur natus hic.;False;1076;False;IMMEDIATE;TAKEOUT;WEB;;CONCLUDED;14;1223;100,00;4.5;23/03/2025 02:00;v2.0.0
449;MN55D3;Delivery do Centro;Rio de Janeiro;xQmikP;04/04/2025 00:00;330;KZ05AF;294120;DirectOrder;POS;Iste ducimus ullam modi natus architecto quod dolor.;True;1293;False;IMMEDIATE;TAKEOUT;EPADOCA;;CONCLUDED;31;1049;67,98;3.3;04/04/2025 02:00;v2.0.0
450;MN55D3;Delivery do Centro;Rio de Janeiro;ytjHgS;29/01/2025 00:00;133;Za67Ac;364002;DirectOrder;POS;Voluptas eaque dicta pariatur minima non.;True;7284;False;SCHEDULED;DELIVERY;99FOOD;;CONCLUDED;36;1204;65,98;2.9;29/01/2025 02:00;v2.0.0
451;ZP930B;Boteco Paulista;Sao Paulo;pFLjRQ;16/04/2025 00:00;467;Sy48pD;417218;DirectOrder;POS;Et officiis dolorum adipisci doloribus.;False;8105;False;IMMEDIATE;INDOOR;APP;;PENDING;18;897;73,82;3.2;16/04/2025 02:00;v2.0.0
452;DQ44H7;Sabores do Norte;Manaus;ASjCok;15/02/2025 00:00;929;dO77wG;543009;DirectOrder;POS;At in magnam sit.;False;1313;False;IMMEDIATE;DELIVERY;WHATSAPP;;CONCLUDED;28;1301;41,88;2.9;15/02/2025 02:00;v2.0.0
453;QW77C2;Padaria Vila Nova;Campinas;DLeKOt;28/01/2025 00:00;174;Or86XX;681831;DirectOrder;POS;Aperiam maxime ut corrupti veritatis quam aliquam.;True;7006;False;IMMEDIATE;INDOOR;99FOOD;;CONCLUDED;16;1229;30,00;4.0;28/01/2025 02:00;v2.0.0
454;AJ81E4;Cantina Horizonte;Belo Horizonte;HlsNkK;09/04/2025 00:00;50;XV36Wa;787151;DirectOrder;POS;Officia saepe blanditiis quo assumenda.;True;1323;False;IMMEDIATE;TAKEOUT;WEB;;CONCLUDED;24;1021;58,06;3.8;09/04/2025 02:00;v2.0.0
455;ZP930B;Boteco Paulista;Sao Paulo;OdQHHp;23/02/2025 00:00;259;vB36sx;041541;DirectOrder;POS;Laborum sunt dicta optio laudantium dicta eos.;False;3508;False;IMMEDIATE;TAKEOUT;WEB;;CONCLUDED;21;1002;33,70;3.0;23/02/2025 02:00;v2.0.0
456;LXK0A1;Cantina Liberdade;Sao Paulo;QZfuYx;08/02/2025 00:00;533;Hi57xB;836586;DirectOrder;POS;Voluptatem aut quia impedit quisquam nesciunt.;False;3247;False;SCHEDULED;DELIVERY;APP;;CONCLUDED;26;1069;41,01;3.3;08/02/2025 02:00;v2.0.0
457;ER35J8;Pizza do Porto;Porto Alegre;Gpcmli;03/04/2025 00:00;804;EB81KT;265396;DirectOrder;POS;Nesciunt ipsa qui nisi adipisci autem quibusdam.;True;9154;False;IMMEDIATE;TAKEOUT;EPADOCA;;CONCLUDED;27;1482;80,37;3.8;03/04/2025 02:00;v2.0.0
458;MN55D3;Delivery do Centro;Rio de Janeiro;xAkFTi;10/04/2025 00:00;207;gp00Wc;193835;DirectOrder;POS;Quos accusantium cupiditate occaecati corrupti assumenda adipisci.;False;7713;False;SCHEDULED;DELIVERY;WEB;;CONCLUDED;34;1246;68,76;3.1;10/04/2025 02:00;v2.0.0
459;LXK0A1;Cantina Liberdade;Sao Paulo;BzNZzR;12/03/2025 00:00;956;PI84ly;260663;DirectOrder;POS;Eligendi sit numquam fugiat laborum magnam.;False;6416;False;IMMEDIATE;DELIVERY;WEB;;CONCLUDED;24;1272;49,21;3.4;12/03/2025 02:00;v2.0.0
460;LXK0A1;Cantina Liberdade;Sao Paulo;KrxLIF;27/03/2025 00:00;588;BI14ZG;068728;DirectOrder;POS;Voluptatum vitae officia eum cum velit.;False;3443;False;IMMEDIATE;TAKEOUT;APP;;CONCLUDED;27;1158;33,35;3.3;27/03/2025 02:00;v2.0.0
461;ZP930B;Boteco Paulista;Sao Paulo;JYnAoY;03/04/2025 00:00;660;EL44Or;332814;DirectOrder;POS;Quasi eum voluptatem consectetur.;True;8483;False;SCHEDULED;INDOOR;99FOOD;;PENDING;19;1218;53,73;2.9;03/04/2025 02:00;v2.0.0
462;DQ44H7;Sabores do Norte;Manaus;zIjYRf;07/01/2025 00:00;41;Ga87kD;723858;DirectOrder;POS;Omnis a architecto recusandae.;False;6901;False;SCHEDULED;INDOOR;APP;;CONCLUDED;33;1026;63,78;2.9;07/01/2025 02:00;v2.0.0
463;ZP930B;Boteco Paulista;Sao Paulo;TrYPQx;13/01/2025 00:00;10;va71zG;449160;DirectOrder;POS;Quas deserunt voluptates vitae sint.;True;3793;False;SCHEDULED;INDOOR;99FOOD;;DISPATCHED;19;1555;64,60;3.3;13/01/2025 02:00;v2.0.0
464;DQ44H7;Sabores do Norte;Manaus;XXHESN;21/03/2025 00:00;382;Ox63CW;614972;DirectOrder;POS;Sequi ipsum hic.;False;3996;False;IMMEDIATE;INDOOR;WEB;;CANCELED;32;1065;48,68;3.2;21/03/2025 02:00;v2.0.0
465;CP53G6;Emporio Serra Verde;Curitiba;VAhhXS;28/02/2025 00:00;872;xD69YN;978742;DirectOrder;POS;Temporibus hic accusamus esse.;False;7909;False;IMMEDIATE;DELIVERY;WEB;;CONCLUDED;25;1252;100,00;4.3;28/02/2025 02:00;v2.0.0
466;QW77C2;Padaria Vila Nova;Campinas;bRojjO;31/03/2025 00:00;865;JH53nD;015979;DirectOrder;POS;Quibusdam architecto magnam placeat omnis reprehenderit.;True;2699;False;SCHEDULED;TAKEOUT;99FOOD;;PENDING;20;850;30,25;4.0;31/03/2025 02:00;v2.0.0
467;DQ44H7;Sabores do Norte;Manaus;BnqUMl;13/04/2025 00:00;626;nr60QJ;669497;DirectOrder;POS;Dicta nulla quasi excepturi iure deleniti.;False;6875;False;IMMEDIATE;TAKEOUT;99FOOD;;CONCLUDED;32;1425;76,56;2.9;13/04/2025 02:00;v2.0.0
468;QW77C2;Padaria Vila Nova;Campinas;xamzLY;03/03/2025 00:00;422;FI41Gm;647076;DirectOrder;POS;Commodi beatae voluptas suscipit.;False;1753;False;IMMEDIATE;INDOOR;WHATSAPP;;CONCLUDED;14;1157;30,00;3.7;03/03/2025 02:00;v2.0.0
469;BV62F5;Restaurante Mar Azul;Salvador;PlSLhY;02/01/2025 00:00;786;Pv02Qa;783437;DirectOrder;POS;Corrupti laboriosam non perspiciatis fugiat quia dicta.;True;6542;False;IMMEDIATE;INDOOR;99FOOD;;CANCELED;47;1479;85,01;4.2;02/01/2025 02:00;v2.0.0
470;MN55D3;Delivery do Centro;Rio de Janeiro;VcyaZs;03/03/2025 00:00;395;zM44da;932631;DirectOrder;POS;Neque doloribus eligendi temporibus quam non enim.;True;1894;False;IMMEDIATE;TAKEOUT;EPADOCA;;CANCELED;19;1038;62,92;3.0;03/03/2025 02:00;v2.0.0
471;QW77C2;Padaria Vila Nova;Campinas;vngRpG;06/03/2025 00:00;891;BS29Dn;583700;DirectOrder;POS;Dolorum sequi velit ipsa neque.;True;2226;False;SCHEDULED;INDOOR;99FOOD;;DISPATCHED;13;1081;36,38;4.2;06/03/2025 02:00;v2.0.0
472;MN55D3;Delivery do Centro;Rio de Janeiro;lsGVLb;12/02/2025 00:00;229;Jm87XA;221492;DirectOrder;POS;Iure neque voluptate molestias atque perferendis.;False;7607;False;IMMEDIATE;DELIVERY;WHATSAPP;;CONCLUDED;25;1284;69,67;3.2;12/02/2025 02:00;v2.0.0
473;DQ44H7;Sabores do Norte;Manaus;SjwpKn;26/02/2025 00:00;878;iw57ss;686551;DirectOrder;POS;Voluptatibus quaerat laboriosam iure.;False;8324;False;SCHEDULED;DELIVERY;WHATSAPP;;CONCLUDED;29;1201;56,71;3.0;26/02/2025 02:00;v2.0.0
474;DQ44H7;Sabores do Norte;Manaus;NZoQGB;06/04/2025 00:00;423;wX88XP;465433;DirectOrder;POS;Commodi nobis similique nulla tenetur cumque.;True;9996;False;IMMEDIATE;DELIVERY;WHATSAPP;;CONCLUDED;26;1125;57,13;3.0;06/04/2025 02:00;v2.0.0
475;FS26K9;Casa do Chef Recife;Recife;LPGmtL;21/03/2025 00:00;576;TL07lW;133505;DirectOrder;POS;Earum id sunt magnam consectetur unde.;True;8474;False;SCHEDULED;INDOOR;EPADOCA;;DISPATCHED;36;1140;80,09;4.3;21/03/2025 02:00;v2.0.0
476;LXK0A1;Cantina Liberdade;Sao Paulo;LkzYcl;15/04/2025 00:00;574;Xu32Zw;469688;DirectOrder;POS;Consequuntur inventore error amet facilis.;False;6952;False;SCHEDULED;DELIVERY;APP;;CONCLUDED;34;1273;47,27;3.2;15/04/2025 02:00;v2.0.0
477;ZP930B;Boteco Paulista;Sao Paulo;FxtiWS;08/04/2025 00:00;364;rv15NA;751956;DirectOrder;POS;Aperiam omnis voluptas rerum expedita at.;False;9973;False;SCHEDULED;TAKEOUT;EPADOCA;;CONCLUDED;15;974;53,94;3.3;08/04/2025 02:00;v2.0.0
478;ZP930B;Boteco Paulista;Sao Paulo;sPMEPv;06/01/2025 00:00;842;Al40Vl;507454;DirectOrder;POS;Praesentium nemo ad.;False;2752;False;SCHEDULED;TAKEOUT;WHATSAPP;;CONCLUDED;29;1646;43,18;3.2;06/01/2025 02:00;v2.0.0
479;MN55D3;Delivery do Centro;Rio de Janeiro;IKicCG;25/01/2025 00:00;221;VD94ib;025623;DirectOrder;POS;Molestias qui laborum expedita nostrum perferendis delectus tempora.;False;4122;False;SCHEDULED;DELIVERY;APP;;DISPATCHED;19;1091;78,04;3.2;25/01/2025 02:00;v2.0.0
480;CP53G6;Emporio Serra Verde;Curitiba;EddigB;06/01/2025 00:00;603;MK19HV;280671;DirectOrder;POS;Praesentium porro voluptate repellat.;True;8381;False;SCHEDULED;TAKEOUT;WHATSAPP;;DISPATCHED;23;1105;84,10;4.2;06/01/2025 02:00;v2.0.0
481;FS26K9;Casa do Chef Recife;Recife;TZBTnW;06/03/2025 00:00;544;Yx58zl;574901;DirectOrder;POS;Dolore labore eos nisi repellendus quam ipsa.;True;8091;False;SCHEDULED;TAKEOUT;APP;;CONCLUDED;25;1247;54,07;4.1;06/03/2025 02:00;v2.0.0
482;QW77C2;Padaria Vila Nova;Campinas;CjAwfp;30/03/2025 00:00;132;oy46Se;631602;DirectOrder;POS;Odit beatae quaerat nobis consectetur amet libero.;True;7347;False;SCHEDULED;TAKEOUT;EPADOCA;;CANCELED;10;1142;42,57;3.6;30/03/2025 02:00;v2.0.0
483;CP53G6;Emporio Serra Verde;Curitiba;Rrgfsf;23/02/2025 00:00;781;wX55YN;396278;DirectOrder;POS;Natus autem quaerat voluptate quam.;True;5482;False;SCHEDULED;INDOOR;WHATSAPP;;PENDING;18;1299;100,00;4.5;23/02/2025 02:00;v2.0.0
484;AJ81E4;Cantina Horizonte;Belo Horizonte;Kollhf;27/02/2025 00:00;617;rm46qK;427449;DirectOrder;POS;Optio repudiandae perspiciatis eligendi.;False;9975;False;SCHEDULED;TAKEOUT;99FOOD;;CONCLUDED;39;899;41,23;3.6;27/02/2025 02:00;v2.0.0
485;ER35J8;Pizza do Porto;Porto Alegre;laCeDB;22/03/2025 00:00;732;cJ22KH;037432;DirectOrder;POS;Temporibus quos laudantium totam quia at facilis.;False;6657;False;IMMEDIATE;TAKEOUT;APP;;CONCLUDED;42;1219;81,56;3.8;22/03/2025 02:00;v2.0.0
486;QW77C2;Padaria Vila Nova;Campinas;fZKoiF;06/03/2025 00:00;728;Tg08sy;900134;DirectOrder;POS;Beatae possimus consectetur at.;True;6771;False;SCHEDULED;TAKEOUT;EPADOCA;;CONCLUDED;18;1131;32,72;3.7;06/03/2025 02:00;v2.0.0
487;FS26K9;Casa do Chef Recife;Recife;alaSTL;01/05/2025 00:00;766;ps71ps;223768;DirectOrder;POS;Maiores officia laboriosam perspiciatis ipsa consequuntur nihil.;False;7920;False;IMMEDIATE;TAKEOUT;EPADOCA;;CONCLUDED;35;1194;93,40;3.8;01/05/2025 02:00;v2.0.0
488;ZP930B;Boteco Paulista;Sao Paulo;QnAQrm;04/01/2025 00:00;58;kt76qR;753483;DirectOrder;POS;Maiores tempora at iste.;True;5374;False;IMMEDIATE;INDOOR;WEB;;CONCLUDED;14;1452;66,15;3.2;04/01/2025 02:00;v2.0.0
489;AJ81E4;Cantina Horizonte;Belo Horizonte;KHtcKF;19/01/2025 00:00;303;jU13Ci;674289;DirectOrder;POS;Quaerat veniam atque soluta numquam.;True;9866;False;IMMEDIATE;INDOOR;99FOOD;;CANCELED;22;1474;37,66;3.4;19/01/2025 02:00;v2.0.0
490;DQ44H7;Sabores do Norte;Manaus;ExmxRV;14/01/2025 00:00;576;WC11FV;649887;DirectOrder;POS;Praesentium quos quae.;True;7371;False;IMMEDIATE;TAKEOUT;WHATSAPP;;CANCELED;32;1244;38,17;3.8;14/01/2025 02:00;v2.0.0
491;AJ81E4;Cantina Horizonte;Belo Horizonte;xMvEdP;30/03/2025 00:00;397;RY63Yr;578719;DirectOrder;POS;Autem dicta velit sint dolore aperiam magni.;False;6122;False;IMMEDIATE;DELIVERY;EPADOCA;;PENDING;28;1329;44,56;3.7;30/03/2025 02:00;v2.0.0
492;AJ81E4;Cantina Horizonte;Belo Horizonte;MxiWMM;26/01/2025 00:00;892;Pr47ef;118466;DirectOrder;POS;Mollitia non porro provident.;False;4695;False;SCHEDULED;TAKEOUT;EPADOCA;;DISPATCHED;24;1169;49,50;3.6;26/01/2025 02:00;v2.0.0
493;ER35J8;Pizza do Porto;Porto Alegre;bpOiOX;05/04/2025 00:00;988;lW81Aq;402683;DirectOrder;POS;Labore necessitatibus ut blanditiis delectus nesciunt non.;True;5819;False;SCHEDULED;DELIVERY;EPADOCA;;DISPATCHED;39;611;75,26;4.0;05/04/2025 02:00;v2.0.0
494;ZP930B;Boteco Paulista;Sao Paulo;IQjuAH;24/01/2025 00:00;123;KP94CN;071706;DirectOrder;POS;Laudantium quibusdam sit iure magni mollitia.;False;1665;False;SCHEDULED;INDOOR;WHATSAPP;;CANCELED;21;1122;61,49;3.2;24/01/2025 02:00;v2.0.0
495;ER35J8;Pizza do Porto;Porto Alegre;nQrdOq;03/02/2025 00:00;262;fM91Ly;418391;DirectOrder;POS;Repellat voluptatum dolores dolor.;True;6415;False;SCHEDULED;TAKEOUT;APP;;CONCLUDED;29;1281;93,78;3.9;03/02/2025 02:00;v2.0.0
496;QW77C2;Padaria Vila Nova;Campinas;JLLdCR;06/01/2025 00:00;53;hQ31UJ;142909;DirectOrder;POS;Placeat nisi aliquam debitis doloribus.;False;9037;False;SCHEDULED;DELIVERY;WEB;;CONCLUDED;15;1372;30,00;3.5;06/01/2025 02:00;v2.0.0
497;BV62F5;Restaurante Mar Azul;Salvador;LQBILc;09/03/2025 00:00;70;Wz95qs;367345;DirectOrder;POS;Omnis laborum impedit aliquam.;True;7814;False;SCHEDULED;DELIVERY;WEB;;CONCLUDED;43;1303;100,00;4.1;09/03/2025 02:00;v2.0.0
498;BV62F5;Restaurante Mar Azul;Salvador;BcmBIc;29/01/2025 00:00;340;tE03Ex;239864;DirectOrder;POS;Debitis molestiae molestiae assumenda facere repellat.;False;5809;False;IMMEDIATE;TAKEOUT;WHATSAPP;;CANCELED;44;1350;79,61;4.1;29/01/2025 02:00;v2.0.0
499;ER35J8;Pizza do Porto;Porto Alegre;FwVfTW;02/03/2025 00:00;665;tE22ag;024726;DirectOrder;POS;Enim voluptates qui sunt odio reiciendis.;True;2879;False;SCHEDULED;INDOOR;WHATSAPP;;DISPATCHED;37;1414;94,69;3.9;02/03/2025 02:00;v2.0.0
500;MN55D3;Delivery do Centro;Rio de Janeiro;oksfhN;26/04/2025 00:00;250;rd38wD;136349;DirectOrder;POS;Expedita magni quis similique saepe adipisci.;True;6258;False;SCHEDULED;DELIVERY;99FOOD;;PENDING;29;1051;69,67;2.9;26/04/2025 02:00;v2.0.0
